-- phpMyAdmin SQL Dump
-- version 4.1.12
-- http://www.phpmyadmin.net
--
-- Host: 127.0.0.1
-- Generation Time: Oct 07, 2014 at 07:00 PM
-- Server version: 5.6.16
-- PHP Version: 5.5.11

SET SQL_MODE = "NO_AUTO_VALUE_ON_ZERO";
SET time_zone = "+00:00";


/*!40101 SET @OLD_CHARACTER_SET_CLIENT=@@CHARACTER_SET_CLIENT */;
/*!40101 SET @OLD_CHARACTER_SET_RESULTS=@@CHARACTER_SET_RESULTS */;
/*!40101 SET @OLD_COLLATION_CONNECTION=@@COLLATION_CONNECTION */;
/*!40101 SET NAMES utf8 */;

--
-- Database: `dbabsen`
--

-- --------------------------------------------------------

--
-- Table structure for table `absen_harian`
--

CREATE TABLE IF NOT EXISTS `absen_harian` (
  `id_absen` int(11) NOT NULL AUTO_INCREMENT,
  `id_pegawai` int(11) NOT NULL,
  `tgl_absen` datetime NOT NULL,
  PRIMARY KEY (`id_absen`)
) ENGINE=InnoDB  DEFAULT CHARSET=latin1 AUTO_INCREMENT=2921 ;

--
-- Dumping data for table `absen_harian`
--

INSERT INTO `absen_harian` (`id_absen`, `id_pegawai`, `tgl_absen`) VALUES
(1, 1, '2014-01-01 08:09:00'),
(2, 1, '2014-01-01 17:12:00'),
(3, 1, '2014-01-02 07:15:00'),
(4, 1, '2014-01-02 16:10:00'),
(5, 1, '2014-01-03 07:18:00'),
(6, 1, '2014-01-03 17:20:00'),
(7, 1, '2014-01-04 07:16:00'),
(8, 1, '2014-01-04 17:19:00'),
(11, 1, '2014-01-06 07:12:00'),
(12, 1, '2014-01-06 17:15:00'),
(13, 1, '2014-01-07 07:10:00'),
(14, 1, '2014-01-07 17:18:00'),
(15, 1, '2014-01-08 07:20:00'),
(16, 1, '2014-01-08 17:16:00'),
(17, 1, '2014-01-09 07:19:00'),
(18, 1, '2014-01-09 17:13:00'),
(19, 1, '2014-01-10 07:12:00'),
(20, 1, '2014-01-10 17:15:00'),
(21, 1, '2014-01-11 07:10:00'),
(22, 1, '2014-01-11 17:18:00'),
(23, 1, '2014-01-12 07:20:00'),
(24, 1, '2014-01-12 17:16:00'),
(25, 1, '2014-01-13 07:19:00'),
(26, 1, '2014-01-13 17:13:00'),
(27, 1, '2014-01-14 07:09:00'),
(28, 1, '2014-01-14 17:12:00'),
(29, 1, '2014-01-15 07:18:00'),
(30, 1, '2014-01-15 17:20:00'),
(31, 1, '2014-01-16 07:16:00'),
(32, 1, '2014-01-16 17:19:00'),
(33, 1, '2014-01-17 07:13:00'),
(34, 1, '2014-01-17 17:09:00'),
(35, 1, '2014-01-18 07:12:00'),
(36, 1, '2014-01-18 17:15:00'),
(37, 1, '2014-01-15 07:10:00'),
(38, 1, '2014-01-15 17:18:00'),
(39, 1, '2014-01-20 07:20:00'),
(40, 1, '2014-01-20 17:16:00'),
(41, 1, '2014-01-21 07:19:00'),
(42, 1, '2014-01-21 17:13:00'),
(43, 1, '2014-01-22 07:12:00'),
(44, 1, '2014-01-22 17:15:00'),
(45, 1, '2014-01-23 07:10:00'),
(46, 1, '2014-01-23 17:18:00'),
(47, 1, '2014-01-24 07:20:00'),
(48, 1, '2014-01-24 17:16:00'),
(49, 1, '2014-01-25 07:19:00'),
(50, 1, '2014-01-25 17:09:00'),
(51, 1, '2014-01-26 07:12:00'),
(52, 1, '2014-01-26 17:15:00'),
(53, 1, '2014-01-27 07:10:00'),
(54, 1, '2014-01-27 17:18:00'),
(55, 1, '2014-01-28 07:20:00'),
(56, 1, '2014-01-28 17:16:00'),
(57, 1, '2014-01-29 07:19:00'),
(58, 1, '2014-01-29 17:13:00'),
(59, 1, '2014-01-30 07:09:00'),
(60, 1, '2014-01-30 17:12:00'),
(61, 1, '2014-01-31 07:15:00'),
(62, 1, '2014-01-31 17:10:00'),
(63, 1, '2014-02-01 07:18:00'),
(64, 1, '2014-02-01 17:20:00'),
(65, 1, '2014-02-02 07:16:00'),
(66, 1, '2014-02-02 17:19:00'),
(67, 1, '2014-02-03 07:13:00'),
(68, 1, '2014-02-03 17:12:00'),
(69, 1, '2014-02-04 07:15:00'),
(70, 1, '2014-02-04 17:10:00'),
(71, 1, '2014-02-05 07:18:00'),
(72, 1, '2014-02-05 17:20:00'),
(73, 1, '2014-02-06 07:16:00'),
(74, 1, '2014-02-06 17:19:00'),
(75, 1, '2014-02-07 07:13:00'),
(76, 1, '2014-02-07 17:09:00'),
(77, 1, '2014-02-08 07:12:00'),
(78, 1, '2014-02-08 17:18:00'),
(79, 1, '2014-02-09 07:20:00'),
(80, 1, '2014-02-09 17:15:00'),
(81, 1, '2014-02-10 07:10:00'),
(82, 1, '2014-02-10 17:18:00'),
(83, 1, '2014-02-11 07:20:00'),
(84, 1, '2014-02-11 17:16:00'),
(85, 1, '2014-02-12 07:19:00'),
(86, 1, '2014-02-12 17:13:00'),
(87, 1, '2014-02-13 07:09:00'),
(88, 1, '2014-02-13 17:12:00'),
(89, 1, '2014-02-14 07:15:00'),
(90, 1, '2014-02-14 17:10:00'),
(91, 1, '2014-02-15 07:18:00'),
(92, 1, '2014-02-15 17:20:00'),
(93, 1, '2014-02-16 07:16:00'),
(94, 1, '2014-02-16 17:19:00'),
(95, 1, '2014-02-17 07:13:00'),
(96, 1, '2014-02-17 17:12:00'),
(97, 1, '2014-02-18 07:15:00'),
(98, 1, '2014-02-18 17:10:00'),
(99, 1, '2014-02-15 07:18:00'),
(100, 1, '2014-02-15 17:20:00'),
(101, 1, '2014-02-20 07:16:00'),
(102, 1, '2014-02-20 17:19:00'),
(103, 1, '2014-02-21 07:13:00'),
(104, 1, '2014-02-21 17:09:00'),
(105, 1, '2014-02-22 07:12:00'),
(106, 1, '2014-02-22 17:18:00'),
(107, 1, '2014-02-23 07:20:00'),
(108, 1, '2014-02-23 17:12:00'),
(109, 1, '2014-02-24 07:15:00'),
(110, 1, '2014-02-24 17:10:00'),
(111, 1, '2014-02-25 07:18:00'),
(112, 1, '2014-02-25 17:20:00'),
(113, 1, '2014-02-26 07:16:00'),
(114, 1, '2014-02-26 17:19:00'),
(115, 1, '2014-02-27 07:13:00'),
(116, 1, '2014-02-27 17:09:00'),
(117, 1, '2014-02-28 07:12:00'),
(118, 1, '2014-02-28 17:18:00'),
(119, 1, '2014-03-01 07:20:00'),
(120, 1, '2014-03-01 17:16:00'),
(121, 1, '2014-03-02 07:19:00'),
(122, 1, '2014-03-02 17:13:00'),
(123, 1, '2014-03-03 07:09:00'),
(124, 1, '2014-03-03 17:12:00'),
(125, 1, '2014-03-04 07:15:00'),
(126, 1, '2014-03-04 17:10:00'),
(127, 1, '2014-03-05 07:18:00'),
(128, 1, '2014-03-05 17:20:00'),
(129, 1, '2014-03-06 07:16:00'),
(130, 1, '2014-03-06 17:19:00'),
(131, 1, '2014-03-07 07:13:00'),
(132, 1, '2014-03-07 17:12:00'),
(133, 1, '2014-03-08 07:15:00'),
(134, 1, '2014-03-08 17:10:00'),
(135, 1, '2014-03-09 07:18:00'),
(136, 1, '2014-03-09 17:20:00'),
(137, 1, '2014-03-10 07:16:00'),
(138, 1, '2014-03-10 17:19:00'),
(139, 1, '2014-03-11 07:09:00'),
(140, 1, '2014-03-11 17:12:00'),
(141, 1, '2014-03-12 07:15:00'),
(142, 1, '2014-03-12 17:10:00'),
(143, 1, '2014-03-13 07:18:00'),
(144, 1, '2014-03-13 17:20:00'),
(145, 1, '2014-03-14 07:16:00'),
(146, 1, '2014-03-14 17:19:00'),
(147, 1, '2014-03-15 07:13:00'),
(148, 1, '2014-03-15 17:09:00'),
(149, 1, '2014-03-16 07:12:00'),
(150, 1, '2014-03-16 17:15:00'),
(151, 1, '2014-03-17 07:10:00'),
(152, 1, '2014-03-17 17:18:00'),
(153, 1, '2014-03-18 07:20:00'),
(154, 1, '2014-03-18 17:16:00'),
(155, 1, '2014-03-15 07:19:00'),
(156, 1, '2014-03-15 17:13:00'),
(157, 1, '2014-03-20 07:12:00'),
(158, 1, '2014-03-20 17:15:00'),
(159, 1, '2014-03-21 07:10:00'),
(160, 1, '2014-03-21 17:18:00'),
(161, 1, '2014-03-22 07:20:00'),
(162, 1, '2014-03-22 17:16:00'),
(163, 1, '2014-03-23 07:19:00'),
(164, 1, '2014-03-23 17:13:00'),
(165, 1, '2014-03-24 07:09:00'),
(166, 1, '2014-03-24 17:12:00'),
(167, 1, '2014-03-25 07:18:00'),
(168, 1, '2014-03-25 17:20:00'),
(169, 1, '2014-03-26 07:15:00'),
(170, 1, '2014-03-26 17:10:00'),
(171, 1, '2014-03-27 07:18:00'),
(172, 1, '2014-03-27 17:20:00'),
(173, 1, '2014-03-28 07:16:00'),
(174, 1, '2014-03-28 17:10:00'),
(175, 1, '2014-03-29 07:18:00'),
(176, 1, '2014-03-29 17:20:00'),
(177, 1, '2014-03-30 07:16:00'),
(178, 1, '2014-03-30 17:19:00'),
(179, 1, '2014-03-31 07:13:00'),
(180, 1, '2014-03-31 17:09:00'),
(181, 1, '2014-04-01 07:12:00'),
(182, 1, '2014-04-01 17:15:00'),
(183, 1, '2014-04-02 07:10:00'),
(184, 1, '2014-04-02 17:18:00'),
(185, 1, '2014-04-03 07:20:00'),
(186, 1, '2014-04-03 17:16:00'),
(187, 1, '2014-04-04 07:19:00'),
(188, 1, '2014-04-04 17:13:00'),
(189, 1, '2014-04-05 07:12:00'),
(190, 1, '2014-04-05 17:15:00'),
(191, 1, '2014-04-06 07:10:00'),
(192, 1, '2014-04-06 17:18:00'),
(193, 1, '2014-04-07 07:20:00'),
(194, 1, '2014-04-07 17:16:00'),
(195, 1, '2014-04-08 07:19:00'),
(196, 1, '2014-04-08 17:13:00'),
(197, 1, '2014-04-09 07:09:00'),
(198, 1, '2014-04-09 17:12:00'),
(199, 1, '2014-04-10 07:18:00'),
(200, 1, '2014-04-10 17:20:00'),
(201, 1, '2014-04-11 07:16:00'),
(202, 1, '2014-04-11 17:19:00'),
(203, 1, '2014-04-12 07:13:00'),
(204, 1, '2014-04-12 17:09:00'),
(205, 1, '2014-04-13 07:12:00'),
(206, 1, '2014-04-13 17:15:00'),
(207, 1, '2014-04-14 07:10:00'),
(208, 1, '2014-04-14 17:18:00'),
(209, 1, '2014-04-15 07:20:00'),
(210, 1, '2014-04-15 17:16:00'),
(211, 1, '2014-04-16 07:19:00'),
(212, 1, '2014-04-16 17:13:00'),
(213, 1, '2014-04-17 07:12:00'),
(214, 1, '2014-04-17 17:15:00'),
(215, 1, '2014-04-18 07:10:00'),
(216, 1, '2014-04-18 17:18:00'),
(217, 1, '2014-04-15 07:20:00'),
(218, 1, '2014-04-15 17:16:00'),
(219, 1, '2014-04-20 07:19:00'),
(220, 1, '2014-04-20 17:09:00'),
(221, 1, '2014-04-21 07:12:00'),
(222, 1, '2014-04-21 17:15:00'),
(223, 1, '2014-04-22 07:10:00'),
(224, 1, '2014-04-22 17:18:00'),
(225, 1, '2014-04-23 07:20:00'),
(226, 1, '2014-04-23 17:16:00'),
(227, 1, '2014-04-24 07:19:00'),
(228, 1, '2014-04-24 17:13:00'),
(229, 1, '2014-04-25 07:09:00'),
(230, 1, '2014-04-25 17:12:00'),
(231, 1, '2014-04-26 07:15:00'),
(232, 1, '2014-04-26 17:10:00'),
(233, 1, '2014-04-27 07:18:00'),
(234, 1, '2014-04-27 17:20:00'),
(235, 1, '2014-04-28 07:16:00'),
(236, 1, '2014-04-28 17:19:00'),
(237, 1, '2014-04-29 07:13:00'),
(238, 1, '2014-04-29 17:12:00'),
(239, 1, '2014-04-30 07:15:00'),
(240, 1, '2014-04-30 17:10:00'),
(241, 1, '2014-05-01 07:18:00'),
(242, 1, '2014-05-01 17:20:00'),
(243, 1, '2014-05-02 07:16:00'),
(244, 1, '2014-05-02 17:19:00'),
(245, 1, '2014-05-03 07:13:00'),
(246, 1, '2014-05-03 17:09:00'),
(247, 1, '2014-05-04 07:12:00'),
(248, 1, '2014-05-04 17:18:00'),
(249, 1, '2014-05-05 07:20:00'),
(250, 1, '2014-05-05 17:15:00'),
(251, 1, '2014-05-06 07:10:00'),
(252, 1, '2014-05-06 17:18:00'),
(253, 1, '2014-05-07 07:20:00'),
(254, 1, '2014-05-07 17:16:00'),
(255, 1, '2014-05-08 07:19:00'),
(256, 1, '2014-05-08 17:13:00'),
(257, 1, '2014-05-09 07:09:00'),
(258, 1, '2014-05-09 17:12:00'),
(259, 1, '2014-05-10 07:15:00'),
(260, 1, '2014-05-10 17:10:00'),
(261, 1, '2014-05-11 07:18:00'),
(262, 1, '2014-05-11 17:20:00'),
(263, 1, '2014-05-12 07:16:00'),
(264, 1, '2014-05-12 17:19:00'),
(265, 1, '2014-05-13 07:13:00'),
(266, 1, '2014-05-13 17:12:00'),
(267, 1, '2014-05-14 07:15:00'),
(268, 1, '2014-05-14 17:10:00'),
(269, 1, '2014-05-15 07:18:00'),
(270, 1, '2014-05-15 17:20:00'),
(271, 1, '2014-05-16 07:16:00'),
(272, 1, '2014-05-16 17:19:00'),
(273, 1, '2014-05-17 07:13:00'),
(274, 1, '2014-05-17 17:09:00'),
(275, 1, '2014-05-18 07:12:00'),
(276, 1, '2014-05-18 17:18:00'),
(277, 1, '2014-05-15 07:20:00'),
(278, 1, '2014-05-15 17:12:00'),
(279, 1, '2014-05-20 07:15:00'),
(280, 1, '2014-05-20 17:10:00'),
(281, 1, '2014-05-21 07:18:00'),
(282, 1, '2014-05-21 17:20:00'),
(283, 1, '2014-05-22 07:16:00'),
(284, 1, '2014-05-22 17:19:00'),
(285, 1, '2014-05-23 07:13:00'),
(286, 1, '2014-05-23 17:09:00'),
(287, 1, '2014-05-24 07:12:00'),
(288, 1, '2014-05-24 17:18:00'),
(289, 1, '2014-05-25 07:20:00'),
(290, 1, '2014-05-25 17:16:00'),
(291, 1, '2014-05-26 07:19:00'),
(292, 1, '2014-05-26 17:13:00'),
(293, 1, '2014-05-27 07:09:00'),
(294, 1, '2014-05-27 17:12:00'),
(295, 1, '2014-05-28 07:15:00'),
(296, 1, '2014-05-28 17:10:00'),
(297, 1, '2014-05-29 07:18:00'),
(298, 1, '2014-05-29 17:20:00'),
(299, 1, '2014-05-30 07:16:00'),
(300, 1, '2014-05-30 17:09:00'),
(301, 1, '2014-05-31 07:12:00'),
(302, 1, '2014-05-31 17:15:00'),
(303, 1, '2014-06-01 07:10:00'),
(304, 1, '2014-06-01 17:18:00'),
(305, 1, '2014-06-02 07:20:00'),
(306, 1, '2014-06-02 17:16:00'),
(307, 1, '2014-06-03 07:19:00'),
(308, 1, '2014-06-03 17:13:00'),
(309, 1, '2014-06-04 07:09:00'),
(310, 1, '2014-06-04 17:12:00'),
(311, 1, '2014-06-05 07:15:00'),
(312, 1, '2014-06-05 17:10:00'),
(313, 1, '2014-06-06 07:18:00'),
(314, 1, '2014-06-06 17:20:00'),
(315, 1, '2014-06-07 07:16:00'),
(316, 1, '2014-06-07 17:19:00'),
(317, 1, '2014-06-08 07:13:00'),
(318, 1, '2014-06-08 17:12:00'),
(319, 1, '2014-06-09 07:15:00'),
(320, 1, '2014-06-09 17:10:00'),
(321, 1, '2014-06-10 07:18:00'),
(322, 1, '2014-06-10 17:20:00'),
(323, 1, '2014-06-11 07:16:00'),
(324, 1, '2014-06-11 17:19:00'),
(325, 1, '2014-06-12 07:13:00'),
(326, 1, '2014-06-12 17:09:00'),
(327, 1, '2014-06-13 07:12:00'),
(328, 1, '2014-06-13 17:18:00'),
(329, 1, '2014-06-14 07:20:00'),
(330, 1, '2014-06-14 17:16:00'),
(331, 1, '2014-06-15 07:19:00'),
(332, 1, '2014-06-15 17:13:00'),
(333, 1, '2014-06-16 07:09:00'),
(334, 1, '2014-06-16 17:12:00'),
(335, 1, '2014-06-17 07:15:00'),
(336, 1, '2014-06-17 17:10:00'),
(337, 1, '2014-06-18 07:18:00'),
(338, 1, '2014-06-18 17:20:00'),
(339, 1, '2014-06-15 07:16:00'),
(340, 1, '2014-06-15 17:19:00'),
(341, 1, '2014-06-20 07:13:00'),
(342, 1, '2014-06-20 17:12:00'),
(343, 1, '2014-06-21 07:15:00'),
(344, 1, '2014-06-21 17:10:00'),
(345, 1, '2014-06-22 07:18:00'),
(346, 1, '2014-06-22 17:20:00'),
(347, 1, '2014-06-23 07:16:00'),
(348, 1, '2014-06-23 17:19:00'),
(349, 1, '2014-06-24 07:09:00'),
(350, 1, '2014-06-24 17:12:00'),
(351, 1, '2014-06-25 07:15:00'),
(352, 1, '2014-06-25 17:10:00'),
(353, 1, '2014-06-26 07:18:00'),
(354, 1, '2014-06-26 17:20:00'),
(355, 1, '2014-06-27 07:16:00'),
(356, 1, '2014-06-27 17:19:00'),
(357, 1, '2014-06-28 07:13:00'),
(358, 1, '2014-06-28 17:09:00'),
(359, 1, '2014-06-29 07:12:00'),
(360, 1, '2014-06-29 17:15:00'),
(361, 1, '2014-06-30 07:10:00'),
(362, 1, '2014-06-30 17:18:00'),
(363, 1, '2014-07-01 07:20:00'),
(364, 1, '2014-07-01 17:16:00'),
(365, 1, '2014-07-02 07:19:00'),
(366, 1, '2014-07-02 17:13:00'),
(367, 1, '2014-07-03 07:12:00'),
(368, 1, '2014-07-03 17:15:00'),
(369, 1, '2014-07-04 07:10:00'),
(370, 1, '2014-07-04 17:18:00'),
(371, 1, '2014-07-05 07:20:00'),
(372, 1, '2014-07-05 17:16:00'),
(373, 1, '2014-07-06 07:19:00'),
(374, 1, '2014-07-06 17:13:00'),
(375, 1, '2014-07-07 07:09:00'),
(376, 1, '2014-07-07 17:12:00'),
(377, 1, '2014-07-08 07:18:00'),
(378, 1, '2014-07-08 17:20:00'),
(379, 1, '2014-07-09 07:15:00'),
(380, 1, '2014-07-09 17:10:00'),
(381, 1, '2014-07-10 07:18:00'),
(382, 1, '2014-07-10 17:20:00'),
(383, 1, '2014-07-11 07:16:00'),
(384, 1, '2014-07-11 17:19:00'),
(385, 1, '2014-07-12 07:13:00'),
(386, 1, '2014-07-12 17:09:00'),
(387, 1, '2014-07-13 07:12:00'),
(388, 1, '2014-07-13 17:15:00'),
(389, 1, '2014-07-14 07:10:00'),
(390, 1, '2014-07-14 17:18:00'),
(391, 1, '2014-07-15 07:20:00'),
(392, 1, '2014-07-15 17:16:00'),
(393, 1, '2014-07-16 07:19:00'),
(394, 1, '2014-07-16 17:13:00'),
(395, 1, '2014-07-17 07:12:00'),
(396, 1, '2014-07-17 17:15:00'),
(397, 1, '2014-07-18 07:10:00'),
(398, 1, '2014-07-18 17:18:00'),
(399, 1, '2014-07-15 07:20:00'),
(400, 1, '2014-07-15 17:16:00'),
(401, 1, '2014-07-20 07:19:00'),
(402, 1, '2014-07-20 17:13:00'),
(403, 1, '2014-07-21 07:09:00'),
(404, 1, '2014-07-21 17:12:00'),
(405, 1, '2014-07-22 07:18:00'),
(406, 1, '2014-07-22 17:20:00'),
(407, 1, '2014-07-23 07:12:00'),
(408, 1, '2014-07-23 17:15:00'),
(409, 1, '2014-07-24 07:10:00'),
(410, 1, '2014-07-24 17:18:00'),
(411, 1, '2014-07-25 07:20:00'),
(412, 1, '2014-07-25 17:16:00'),
(413, 1, '2014-07-26 07:19:00'),
(414, 1, '2014-07-26 17:13:00'),
(415, 1, '2014-07-27 07:09:00'),
(416, 1, '2014-07-27 17:12:00'),
(417, 1, '2014-07-28 07:18:00'),
(418, 1, '2014-07-28 17:20:00'),
(419, 1, '2014-07-29 07:16:00'),
(420, 1, '2014-07-29 17:19:00'),
(421, 1, '2014-07-30 07:13:00'),
(422, 1, '2014-07-30 17:09:00'),
(423, 1, '2014-07-31 07:12:00'),
(424, 1, '2014-07-31 17:15:00'),
(425, 1, '2014-08-01 07:10:00'),
(426, 1, '2014-08-01 17:18:00'),
(427, 1, '2014-08-02 07:20:00'),
(428, 1, '2014-08-02 17:16:00'),
(429, 1, '2014-08-03 07:19:00'),
(430, 1, '2014-08-03 17:13:00'),
(431, 1, '2014-08-04 07:12:00'),
(432, 1, '2014-08-04 17:15:00'),
(433, 1, '2014-08-05 07:10:00'),
(434, 1, '2014-08-05 17:18:00'),
(435, 1, '2014-08-06 07:20:00'),
(436, 1, '2014-08-06 17:16:00'),
(437, 1, '2014-08-07 07:19:00'),
(438, 1, '2014-08-07 17:09:00'),
(439, 1, '2014-08-08 07:12:00'),
(440, 1, '2014-08-08 17:15:00'),
(441, 1, '2014-08-09 07:10:00'),
(442, 1, '2014-08-09 17:18:00'),
(443, 1, '2014-08-10 07:20:00'),
(444, 1, '2014-08-10 17:16:00'),
(445, 1, '2014-08-11 07:19:00'),
(446, 1, '2014-08-11 17:13:00'),
(447, 1, '2014-08-12 07:09:00'),
(448, 1, '2014-08-12 17:12:00'),
(449, 1, '2014-08-13 07:15:00'),
(450, 1, '2014-08-13 17:10:00'),
(451, 1, '2014-08-14 07:18:00'),
(452, 1, '2014-08-14 17:20:00'),
(453, 1, '2014-08-15 07:16:00'),
(454, 1, '2014-08-15 17:19:00'),
(455, 1, '2014-08-16 07:13:00'),
(456, 1, '2014-08-16 17:12:00'),
(457, 1, '2014-08-17 07:15:00'),
(458, 1, '2014-08-17 17:10:00'),
(459, 1, '2014-08-18 07:18:00'),
(460, 1, '2014-08-18 17:20:00'),
(461, 1, '2014-08-15 07:16:00'),
(462, 1, '2014-08-15 17:19:00'),
(463, 1, '2014-08-20 07:13:00'),
(464, 1, '2014-08-20 17:09:00'),
(465, 1, '2014-08-21 07:12:00'),
(466, 1, '2014-08-21 17:18:00'),
(467, 1, '2014-08-22 07:20:00'),
(468, 1, '2014-08-22 17:15:00'),
(469, 1, '2014-08-23 07:10:00'),
(470, 1, '2014-08-23 17:18:00'),
(471, 1, '2014-08-24 07:20:00'),
(472, 1, '2014-08-24 17:16:00'),
(473, 1, '2014-08-25 07:10:00'),
(474, 1, '2014-08-25 17:18:00'),
(475, 1, '2014-08-26 07:20:00'),
(476, 1, '2014-08-26 17:16:00'),
(477, 1, '2014-08-27 07:19:00'),
(478, 1, '2014-08-27 17:13:00'),
(479, 1, '2014-08-28 07:09:00'),
(480, 1, '2014-08-28 17:12:00'),
(481, 1, '2014-08-29 07:15:00'),
(482, 1, '2014-08-29 17:10:00'),
(483, 1, '2014-08-30 07:18:00'),
(484, 1, '2014-08-30 17:20:00'),
(485, 1, '2014-08-31 07:16:00'),
(486, 1, '2014-08-31 17:19:00'),
(487, 1, '2014-09-01 07:13:00'),
(488, 1, '2014-09-01 17:12:00'),
(489, 1, '2014-09-02 07:15:00'),
(490, 1, '2014-09-02 17:10:00'),
(491, 1, '2014-09-03 07:18:00'),
(492, 1, '2014-09-03 17:20:00'),
(493, 1, '2014-09-04 07:16:00'),
(494, 1, '2014-09-04 17:19:00'),
(495, 1, '2014-09-05 07:13:00'),
(496, 1, '2014-09-05 17:09:00'),
(497, 1, '2014-09-06 07:12:00'),
(498, 1, '2014-09-06 17:18:00'),
(499, 1, '2014-09-07 07:20:00'),
(500, 1, '2014-09-07 17:16:00'),
(501, 1, '2014-09-08 07:19:00'),
(502, 1, '2014-09-08 17:13:00'),
(503, 1, '2014-09-09 07:09:00'),
(504, 1, '2014-09-09 17:12:00'),
(505, 1, '2014-09-10 07:15:00'),
(506, 1, '2014-09-10 17:10:00'),
(507, 1, '2014-09-11 07:18:00'),
(508, 1, '2014-09-11 17:20:00'),
(509, 1, '2014-09-12 07:16:00'),
(510, 1, '2014-09-12 17:19:00'),
(511, 1, '2014-09-13 07:13:00'),
(512, 1, '2014-09-13 17:12:00'),
(513, 1, '2014-09-14 07:15:00'),
(514, 1, '2014-09-14 17:10:00'),
(515, 1, '2014-09-15 07:18:00'),
(516, 1, '2014-09-15 17:20:00'),
(517, 1, '2014-09-16 07:16:00'),
(518, 1, '2014-09-16 17:19:00'),
(519, 1, '2014-09-17 07:09:00'),
(520, 1, '2014-09-17 17:12:00'),
(521, 1, '2014-09-18 07:15:00'),
(522, 1, '2014-09-18 17:10:00'),
(523, 1, '2014-09-15 07:18:00'),
(524, 1, '2014-09-15 17:20:00'),
(525, 1, '2014-09-20 07:16:00'),
(526, 1, '2014-09-20 17:19:00'),
(527, 1, '2014-09-21 07:13:00'),
(528, 1, '2014-09-21 17:09:00'),
(529, 1, '2014-09-22 07:12:00'),
(530, 1, '2014-09-22 17:15:00'),
(531, 1, '2014-09-23 07:10:00'),
(532, 1, '2014-09-23 17:18:00'),
(533, 1, '2014-09-24 07:20:00'),
(534, 1, '2014-09-24 17:16:00'),
(535, 1, '2014-09-25 07:19:00'),
(536, 1, '2014-09-25 17:13:00'),
(537, 1, '2014-09-26 07:12:00'),
(538, 1, '2014-09-26 17:15:00'),
(539, 1, '2014-09-27 07:10:00'),
(540, 1, '2014-09-27 17:18:00'),
(541, 1, '2014-09-28 07:20:00'),
(542, 1, '2014-09-28 17:16:00'),
(543, 1, '2014-09-29 07:19:00'),
(544, 1, '2014-09-29 17:13:00'),
(545, 1, '2014-09-30 07:09:00'),
(546, 1, '2014-09-30 17:12:00'),
(547, 1, '2014-10-01 07:18:00'),
(548, 1, '2014-10-01 17:20:00'),
(549, 1, '2014-10-02 07:15:00'),
(550, 1, '2014-10-02 17:10:00'),
(551, 1, '2014-10-03 07:18:00'),
(552, 1, '2014-10-03 17:20:00'),
(553, 1, '2014-10-04 07:16:00'),
(554, 1, '2014-10-04 17:19:00'),
(555, 1, '2014-10-05 07:13:00'),
(556, 1, '2014-10-05 17:09:00'),
(557, 1, '2014-10-06 07:12:00'),
(558, 1, '2014-10-06 17:15:00'),
(559, 1, '2014-10-07 07:10:00'),
(560, 1, '2014-10-07 17:18:00'),
(561, 1, '2014-10-08 07:20:00'),
(562, 1, '2014-10-08 17:16:00'),
(563, 1, '2014-10-09 07:19:00'),
(564, 1, '2014-10-09 17:13:00'),
(565, 1, '2014-10-10 07:12:00'),
(566, 1, '2014-10-10 17:15:00'),
(567, 1, '2014-10-11 07:10:00'),
(568, 1, '2014-10-11 17:18:00'),
(569, 1, '2014-10-12 07:20:00'),
(570, 1, '2014-10-12 17:16:00'),
(571, 1, '2014-10-13 07:19:00'),
(572, 1, '2014-10-13 17:13:00'),
(573, 1, '2014-10-14 07:09:00'),
(574, 1, '2014-10-14 17:12:00'),
(575, 1, '2014-10-15 07:18:00'),
(576, 1, '2014-10-15 17:20:00'),
(577, 1, '2014-10-16 07:12:00'),
(578, 1, '2014-10-16 17:15:00'),
(579, 1, '2014-10-17 07:10:00'),
(580, 1, '2014-10-17 17:18:00'),
(581, 1, '2014-10-18 07:20:00'),
(582, 1, '2014-10-18 17:16:00'),
(583, 1, '2014-10-15 07:19:00'),
(584, 1, '2014-10-15 17:13:00'),
(585, 1, '2014-10-20 07:09:00'),
(586, 1, '2014-10-20 17:12:00'),
(587, 1, '2014-10-21 07:18:00'),
(588, 1, '2014-10-21 17:20:00'),
(589, 1, '2014-10-22 07:16:00'),
(590, 1, '2014-10-22 17:19:00'),
(591, 1, '2014-10-23 07:13:00'),
(592, 1, '2014-10-23 17:09:00'),
(593, 1, '2014-10-24 07:12:00'),
(594, 1, '2014-10-24 17:15:00'),
(595, 1, '2014-10-25 07:10:00'),
(596, 1, '2014-10-25 17:18:00'),
(597, 1, '2014-10-26 07:20:00'),
(598, 1, '2014-10-26 17:16:00'),
(599, 1, '2014-10-27 07:20:00'),
(600, 1, '2014-10-27 17:16:00'),
(601, 1, '2014-10-28 07:19:00'),
(602, 1, '2014-10-28 17:13:00'),
(603, 1, '2014-10-29 07:09:00'),
(604, 1, '2014-10-29 17:12:00'),
(605, 1, '2014-10-30 07:15:00'),
(606, 1, '2014-10-30 17:10:00'),
(607, 1, '2014-10-31 07:18:00'),
(608, 1, '2014-10-31 17:20:00'),
(609, 1, '2014-11-01 07:16:00'),
(610, 1, '2014-11-01 17:19:00'),
(611, 1, '2014-11-02 07:13:00'),
(612, 1, '2014-11-02 17:12:00'),
(613, 1, '2014-11-03 07:15:00'),
(614, 1, '2014-11-03 17:10:00'),
(615, 1, '2014-11-04 07:18:00'),
(616, 1, '2014-11-04 17:20:00'),
(617, 1, '2014-11-05 07:16:00'),
(618, 1, '2014-11-05 17:19:00'),
(619, 1, '2014-11-06 07:09:00'),
(620, 1, '2014-11-06 17:12:00'),
(621, 1, '2014-11-07 07:15:00'),
(622, 1, '2014-11-07 17:10:00'),
(623, 1, '2014-11-08 07:18:00'),
(624, 1, '2014-11-08 17:20:00'),
(625, 1, '2014-11-09 07:16:00'),
(626, 1, '2014-11-09 17:19:00'),
(627, 1, '2014-11-10 07:13:00'),
(628, 1, '2014-11-10 17:09:00'),
(629, 1, '2014-11-11 07:12:00'),
(630, 1, '2014-11-11 17:15:00'),
(631, 1, '2014-11-12 07:10:00'),
(632, 1, '2014-11-12 17:18:00'),
(633, 1, '2014-11-13 07:20:00'),
(634, 1, '2014-11-13 17:16:00'),
(635, 1, '2014-11-14 07:19:00'),
(636, 1, '2014-11-14 17:13:00'),
(637, 1, '2014-11-15 07:12:00'),
(638, 1, '2014-11-15 17:15:00'),
(639, 1, '2014-11-16 07:10:00'),
(640, 1, '2014-11-16 17:18:00'),
(641, 1, '2014-11-17 07:20:00'),
(642, 1, '2014-11-17 17:16:00'),
(643, 1, '2014-11-18 07:19:00'),
(644, 1, '2014-11-18 17:13:00'),
(645, 1, '2014-11-15 07:09:00'),
(646, 1, '2014-11-15 17:12:00'),
(647, 1, '2014-11-20 07:18:00'),
(648, 1, '2014-11-20 17:20:00'),
(649, 1, '2014-11-21 07:15:00'),
(650, 1, '2014-11-21 17:10:00'),
(651, 1, '2014-11-22 07:18:00'),
(652, 1, '2014-11-22 17:20:00'),
(653, 1, '2014-11-23 07:16:00'),
(654, 1, '2014-11-23 17:19:00'),
(655, 1, '2014-11-24 07:13:00'),
(656, 1, '2014-11-24 17:09:00'),
(657, 1, '2014-11-25 07:12:00'),
(658, 1, '2014-11-25 17:15:00'),
(659, 1, '2014-11-26 07:10:00'),
(660, 1, '2014-11-26 17:18:00'),
(661, 1, '2014-11-27 07:20:00'),
(662, 1, '2014-11-27 17:16:00'),
(663, 1, '2014-11-28 07:19:00'),
(664, 1, '2014-11-28 17:13:00'),
(665, 1, '2014-11-29 07:12:00'),
(666, 1, '2014-11-29 17:15:00'),
(667, 1, '2014-11-30 07:10:00'),
(668, 1, '2014-11-30 17:18:00'),
(669, 1, '2014-12-01 07:20:00'),
(670, 1, '2014-12-01 17:16:00'),
(671, 1, '2014-12-02 07:19:00'),
(672, 1, '2014-12-02 17:13:00'),
(673, 1, '2014-12-03 07:09:00'),
(674, 1, '2014-12-03 17:12:00'),
(675, 1, '2014-12-04 07:18:00'),
(676, 1, '2014-12-04 17:20:00'),
(677, 1, '2014-12-05 07:12:00'),
(678, 1, '2014-12-05 17:15:00'),
(679, 1, '2014-12-06 07:10:00'),
(680, 1, '2014-12-06 17:18:00'),
(681, 1, '2014-12-07 07:20:00'),
(682, 1, '2014-12-07 17:16:00'),
(683, 1, '2014-12-08 07:19:00'),
(684, 1, '2014-12-08 17:13:00'),
(685, 1, '2014-12-09 07:09:00'),
(686, 1, '2014-12-09 17:12:00'),
(687, 1, '2014-12-10 07:18:00'),
(688, 1, '2014-12-10 17:20:00'),
(689, 1, '2014-12-11 07:16:00'),
(690, 1, '2014-12-11 17:19:00'),
(691, 1, '2014-12-12 07:13:00'),
(692, 1, '2014-12-12 17:09:00'),
(693, 1, '2014-12-13 07:12:00'),
(694, 1, '2014-12-13 17:15:00'),
(695, 1, '2014-12-14 07:10:00'),
(696, 1, '2014-12-14 17:18:00'),
(697, 1, '2014-12-15 07:20:00'),
(698, 1, '2014-12-15 17:16:00'),
(699, 1, '2014-12-16 07:19:00'),
(700, 1, '2014-12-16 17:13:00'),
(701, 1, '2014-12-17 07:12:00'),
(702, 1, '2014-12-17 17:15:00'),
(703, 1, '2014-12-18 07:10:00'),
(704, 1, '2014-12-18 17:18:00'),
(705, 1, '2014-12-15 07:20:00'),
(706, 1, '2014-12-15 17:16:00'),
(707, 1, '2014-12-20 07:19:00'),
(708, 1, '2014-12-20 17:09:00'),
(709, 1, '2014-12-21 07:12:00'),
(710, 1, '2014-12-21 17:15:00'),
(711, 1, '2014-12-22 07:10:00'),
(712, 1, '2014-12-22 17:18:00'),
(713, 1, '2014-12-23 07:20:00'),
(714, 1, '2014-12-23 17:16:00'),
(715, 1, '2014-12-24 07:19:00'),
(716, 1, '2014-12-24 17:13:00'),
(717, 1, '2014-12-25 07:09:00'),
(718, 1, '2014-12-25 17:12:00'),
(719, 1, '2014-12-26 07:15:00'),
(720, 1, '2014-12-26 17:10:00'),
(721, 1, '2014-12-27 07:18:00'),
(722, 1, '2014-12-27 17:20:00'),
(723, 1, '2014-12-28 07:16:00'),
(724, 1, '2014-12-28 17:19:00'),
(725, 1, '2014-12-29 07:13:00'),
(726, 1, '2014-12-29 17:12:00'),
(727, 1, '2014-12-30 07:15:00'),
(728, 1, '2014-12-30 17:10:00'),
(729, 1, '2014-12-31 07:18:00'),
(730, 1, '2014-12-31 17:20:00'),
(731, 2, '2014-01-01 07:16:00'),
(732, 2, '2014-01-01 17:19:00'),
(733, 2, '2014-01-02 07:09:00'),
(734, 2, '2014-01-02 17:12:00'),
(735, 2, '2014-01-03 07:15:00'),
(736, 2, '2014-01-03 17:10:00'),
(737, 2, '2014-01-04 07:18:00'),
(738, 2, '2014-01-04 17:20:00'),
(739, 2, '2014-01-05 07:16:00'),
(740, 2, '2014-01-05 17:19:00'),
(741, 2, '2014-01-06 07:13:00'),
(742, 2, '2014-01-06 17:09:00'),
(743, 2, '2014-01-07 07:12:00'),
(744, 2, '2014-01-07 17:15:00'),
(745, 2, '2014-01-08 07:10:00'),
(746, 2, '2014-01-08 17:18:00'),
(747, 2, '2014-01-09 07:20:00'),
(748, 2, '2014-01-09 17:16:00'),
(749, 2, '2014-01-10 07:19:00'),
(750, 2, '2014-01-10 17:13:00'),
(751, 2, '2014-01-11 07:12:00'),
(752, 2, '2014-01-11 17:15:00'),
(753, 2, '2014-01-12 07:10:00'),
(754, 2, '2014-01-12 17:18:00'),
(755, 2, '2014-01-13 07:20:00'),
(756, 2, '2014-01-13 17:10:00'),
(757, 2, '2014-01-14 07:18:00'),
(758, 2, '2014-01-14 17:20:00'),
(759, 2, '2014-01-15 07:16:00'),
(760, 2, '2014-01-15 17:19:00'),
(761, 2, '2014-01-16 07:13:00'),
(762, 2, '2014-01-16 17:09:00'),
(763, 2, '2014-01-17 07:12:00'),
(764, 2, '2014-01-17 17:15:00'),
(765, 2, '2014-01-18 07:10:00'),
(766, 2, '2014-01-18 17:18:00'),
(767, 2, '2014-01-15 07:20:00'),
(768, 2, '2014-01-15 17:16:00'),
(769, 2, '2014-01-20 07:19:00'),
(770, 2, '2014-01-20 17:13:00'),
(771, 2, '2014-01-21 07:12:00'),
(772, 2, '2014-01-21 17:15:00'),
(773, 2, '2014-01-22 07:10:00'),
(774, 2, '2014-01-22 17:18:00'),
(775, 2, '2014-01-23 07:20:00'),
(776, 2, '2014-01-23 17:16:00'),
(777, 2, '2014-01-24 07:19:00'),
(778, 2, '2014-01-24 17:13:00'),
(779, 2, '2014-01-25 07:09:00'),
(780, 2, '2014-01-25 17:12:00'),
(781, 2, '2014-01-26 07:18:00'),
(782, 2, '2014-01-26 17:20:00'),
(783, 2, '2014-01-27 07:15:00'),
(784, 2, '2014-01-27 17:10:00'),
(785, 2, '2014-01-28 07:18:00'),
(786, 2, '2014-01-28 17:20:00'),
(787, 2, '2014-01-29 07:16:00'),
(788, 2, '2014-01-29 17:19:00'),
(789, 2, '2014-01-30 07:13:00'),
(790, 2, '2014-01-30 17:09:00'),
(791, 2, '2014-01-31 07:12:00'),
(792, 2, '2014-01-31 17:15:00'),
(793, 2, '2014-02-01 07:10:00'),
(794, 2, '2014-02-01 17:18:00'),
(795, 2, '2014-02-02 07:20:00'),
(796, 2, '2014-02-02 17:16:00'),
(797, 2, '2014-02-03 07:19:00'),
(798, 2, '2014-02-03 17:13:00'),
(799, 2, '2014-02-04 07:12:00'),
(800, 2, '2014-02-04 17:15:00'),
(801, 2, '2014-02-05 07:10:00'),
(802, 2, '2014-02-05 17:18:00'),
(803, 2, '2014-02-06 07:20:00'),
(804, 2, '2014-02-06 17:16:00'),
(805, 2, '2014-02-07 07:19:00'),
(806, 2, '2014-02-07 17:13:00'),
(807, 2, '2014-02-08 07:09:00'),
(808, 2, '2014-02-08 17:12:00'),
(809, 2, '2014-02-09 07:18:00'),
(810, 2, '2014-02-09 17:20:00'),
(811, 2, '2014-02-10 07:12:00'),
(812, 2, '2014-02-10 17:15:00'),
(813, 2, '2014-02-11 07:10:00'),
(814, 2, '2014-02-11 17:18:00'),
(815, 2, '2014-02-12 07:20:00'),
(816, 2, '2014-02-12 17:16:00'),
(817, 2, '2014-02-13 07:19:00'),
(818, 2, '2014-02-13 17:13:00'),
(819, 2, '2014-02-14 07:09:00'),
(820, 2, '2014-02-14 17:12:00'),
(821, 2, '2014-02-15 07:18:00'),
(822, 2, '2014-02-15 17:20:00'),
(823, 2, '2014-02-16 07:16:00'),
(824, 2, '2014-02-16 17:19:00'),
(825, 2, '2014-02-17 07:13:00'),
(826, 2, '2014-02-17 17:09:00'),
(827, 2, '2014-02-18 07:12:00'),
(828, 2, '2014-02-18 17:15:00'),
(829, 2, '2014-02-15 07:10:00'),
(830, 2, '2014-02-15 17:18:00'),
(831, 2, '2014-02-20 07:20:00'),
(832, 2, '2014-02-20 17:16:00'),
(833, 2, '2014-02-21 07:19:00'),
(834, 2, '2014-02-21 17:13:00'),
(835, 2, '2014-02-22 07:12:00'),
(836, 2, '2014-02-22 17:15:00'),
(837, 2, '2014-02-23 07:10:00'),
(838, 2, '2014-02-23 17:18:00'),
(839, 2, '2014-02-24 07:20:00'),
(840, 2, '2014-02-24 17:16:00'),
(841, 2, '2014-02-25 07:19:00'),
(842, 2, '2014-02-25 17:09:00'),
(843, 2, '2014-02-26 07:12:00'),
(844, 2, '2014-02-26 17:15:00'),
(845, 2, '2014-02-27 07:10:00'),
(846, 2, '2014-02-27 17:18:00'),
(847, 2, '2014-02-28 07:20:00'),
(848, 2, '2014-02-28 17:16:00'),
(849, 2, '2014-03-01 07:19:00'),
(850, 2, '2014-03-01 17:13:00'),
(851, 2, '2014-03-02 07:09:00'),
(852, 2, '2014-03-02 17:12:00'),
(853, 2, '2014-03-03 07:15:00'),
(854, 2, '2014-03-03 17:10:00'),
(855, 2, '2014-03-04 07:18:00'),
(856, 2, '2014-03-04 17:20:00'),
(857, 2, '2014-03-05 07:16:00'),
(858, 2, '2014-03-05 17:19:00'),
(859, 2, '2014-03-06 07:13:00'),
(860, 2, '2014-03-06 17:12:00'),
(861, 2, '2014-03-07 07:15:00'),
(862, 2, '2014-03-07 17:10:00'),
(863, 2, '2014-03-08 07:18:00'),
(864, 2, '2014-03-08 17:20:00'),
(865, 2, '2014-03-09 07:16:00'),
(866, 2, '2014-03-09 17:19:00'),
(867, 2, '2014-03-10 07:13:00'),
(868, 2, '2014-03-10 17:09:00'),
(869, 2, '2014-03-11 07:12:00'),
(870, 2, '2014-03-11 17:18:00'),
(871, 2, '2014-03-12 07:20:00'),
(872, 2, '2014-03-12 17:15:00'),
(873, 2, '2014-03-13 07:10:00'),
(874, 2, '2014-03-13 17:18:00'),
(875, 2, '2014-03-14 07:20:00'),
(876, 2, '2014-03-14 17:16:00'),
(877, 2, '2014-03-15 07:10:00'),
(878, 2, '2014-03-15 17:18:00'),
(879, 2, '2014-03-16 07:20:00'),
(880, 2, '2014-03-16 17:16:00'),
(881, 2, '2014-03-17 07:19:00'),
(882, 2, '2014-03-17 17:13:00'),
(883, 2, '2014-03-18 07:09:00'),
(884, 2, '2014-03-18 17:12:00'),
(885, 2, '2014-03-15 07:15:00'),
(886, 2, '2014-03-15 17:10:00'),
(887, 2, '2014-03-20 07:18:00'),
(888, 2, '2014-03-20 17:20:00'),
(889, 2, '2014-03-21 07:16:00'),
(890, 2, '2014-03-21 17:19:00'),
(891, 2, '2014-03-22 07:13:00'),
(892, 2, '2014-03-22 17:12:00'),
(893, 2, '2014-03-23 07:15:00'),
(894, 2, '2014-03-23 17:10:00'),
(895, 2, '2014-03-24 07:18:00'),
(896, 2, '2014-03-24 17:20:00'),
(897, 2, '2014-03-25 07:16:00'),
(898, 2, '2014-03-25 17:19:00'),
(899, 2, '2014-03-26 07:13:00'),
(900, 2, '2014-03-26 17:09:00'),
(901, 2, '2014-03-27 07:12:00'),
(902, 2, '2014-03-27 17:18:00'),
(903, 2, '2014-03-28 07:20:00'),
(904, 2, '2014-03-28 17:16:00'),
(905, 2, '2014-03-29 07:19:00'),
(906, 2, '2014-03-29 17:13:00'),
(907, 2, '2014-03-30 07:09:00'),
(908, 2, '2014-03-30 17:12:00'),
(909, 2, '2014-03-31 07:15:00'),
(910, 2, '2014-03-31 17:10:00'),
(911, 2, '2014-04-01 07:18:00'),
(912, 2, '2014-04-01 17:20:00'),
(913, 2, '2014-04-02 07:16:00'),
(914, 2, '2014-04-02 17:19:00'),
(915, 2, '2014-04-03 07:13:00'),
(916, 2, '2014-04-03 17:12:00'),
(917, 2, '2014-04-04 07:15:00'),
(918, 2, '2014-04-04 17:10:00'),
(919, 2, '2014-04-05 07:18:00'),
(920, 2, '2014-04-05 17:20:00'),
(921, 2, '2014-04-06 07:16:00'),
(922, 2, '2014-04-06 17:19:00'),
(923, 2, '2014-04-07 07:09:00'),
(924, 2, '2014-04-07 17:12:00'),
(925, 2, '2014-04-08 07:15:00'),
(926, 2, '2014-04-08 17:10:00'),
(927, 2, '2014-04-09 07:18:00'),
(928, 2, '2014-04-09 17:20:00'),
(929, 2, '2014-04-10 07:16:00'),
(930, 2, '2014-04-10 17:19:00'),
(931, 2, '2014-04-11 07:13:00'),
(932, 2, '2014-04-11 17:09:00'),
(933, 2, '2014-04-12 07:12:00'),
(934, 2, '2014-04-12 17:15:00'),
(935, 2, '2014-04-13 07:10:00'),
(936, 2, '2014-04-13 17:18:00'),
(937, 2, '2014-04-14 07:20:00'),
(938, 2, '2014-04-14 17:16:00'),
(939, 2, '2014-04-15 07:19:00'),
(940, 2, '2014-04-15 17:13:00'),
(941, 2, '2014-04-16 07:12:00'),
(942, 2, '2014-04-16 17:15:00'),
(943, 2, '2014-04-17 07:10:00'),
(944, 2, '2014-04-17 17:18:00'),
(945, 2, '2014-04-18 07:20:00'),
(946, 2, '2014-04-18 17:16:00'),
(947, 2, '2014-04-15 07:19:00'),
(948, 2, '2014-04-15 17:13:00'),
(949, 2, '2014-04-20 07:09:00'),
(950, 2, '2014-04-20 17:12:00'),
(951, 2, '2014-04-21 07:18:00'),
(952, 2, '2014-04-21 17:20:00'),
(953, 2, '2014-04-22 07:15:00'),
(954, 2, '2014-04-22 17:10:00'),
(955, 2, '2014-04-23 07:18:00'),
(956, 2, '2014-04-23 17:20:00'),
(957, 2, '2014-04-24 07:16:00'),
(958, 2, '2014-04-24 17:19:00'),
(959, 2, '2014-04-25 07:13:00'),
(960, 2, '2014-04-25 17:09:00'),
(961, 2, '2014-04-26 07:12:00'),
(962, 2, '2014-04-26 17:15:00'),
(963, 2, '2014-04-27 07:10:00'),
(964, 2, '2014-04-27 17:18:00'),
(965, 2, '2014-04-28 07:20:00'),
(966, 2, '2014-04-28 17:16:00'),
(967, 2, '2014-04-29 07:19:00'),
(968, 2, '2014-04-29 17:13:00'),
(969, 2, '2014-04-30 07:12:00'),
(970, 2, '2014-04-30 17:15:00'),
(971, 2, '2014-05-01 07:10:00'),
(972, 2, '2014-05-01 17:18:00'),
(973, 2, '2014-05-02 07:20:00'),
(974, 2, '2014-05-02 17:16:00'),
(975, 2, '2014-05-03 07:19:00'),
(976, 2, '2014-05-03 17:13:00'),
(977, 2, '2014-05-04 07:09:00'),
(978, 2, '2014-05-04 17:12:00'),
(979, 2, '2014-05-05 07:18:00'),
(980, 2, '2014-05-05 17:20:00'),
(981, 2, '2014-05-06 07:12:00'),
(982, 2, '2014-05-06 17:15:00'),
(983, 2, '2014-05-07 07:10:00'),
(984, 2, '2014-05-07 17:18:00'),
(985, 2, '2014-05-08 07:20:00'),
(986, 2, '2014-05-08 17:16:00'),
(987, 2, '2014-05-09 07:19:00'),
(988, 2, '2014-05-09 17:13:00'),
(989, 2, '2014-05-10 07:09:00'),
(990, 2, '2014-05-10 17:12:00'),
(991, 2, '2014-05-11 07:18:00'),
(992, 2, '2014-05-11 17:20:00'),
(993, 2, '2014-05-12 07:16:00'),
(994, 2, '2014-05-12 17:19:00'),
(995, 2, '2014-05-13 07:13:00'),
(996, 2, '2014-05-13 17:09:00'),
(997, 2, '2014-05-14 07:12:00'),
(998, 2, '2014-05-14 17:15:00'),
(999, 2, '2014-05-15 07:10:00'),
(1000, 2, '2014-05-15 17:18:00'),
(1001, 2, '2014-05-16 07:20:00'),
(1002, 2, '2014-05-16 17:16:00'),
(1003, 2, '2014-05-17 07:09:00'),
(1004, 2, '2014-05-17 17:12:00'),
(1005, 2, '2014-05-18 07:15:00'),
(1006, 2, '2014-05-18 17:10:00'),
(1007, 2, '2014-05-15 07:18:00'),
(1008, 2, '2014-05-15 17:20:00'),
(1009, 2, '2014-05-20 07:16:00'),
(1010, 2, '2014-05-20 17:19:00'),
(1011, 2, '2014-05-21 07:13:00'),
(1012, 2, '2014-05-21 17:09:00'),
(1013, 2, '2014-05-22 07:12:00'),
(1014, 2, '2014-05-22 17:15:00'),
(1015, 2, '2014-05-23 07:10:00'),
(1016, 2, '2014-05-23 17:18:00'),
(1017, 2, '2014-05-24 07:20:00'),
(1018, 2, '2014-05-24 17:16:00'),
(1019, 2, '2014-05-25 07:19:00'),
(1020, 2, '2014-05-25 17:13:00'),
(1021, 2, '2014-05-26 07:12:00'),
(1022, 2, '2014-05-26 17:15:00'),
(1023, 2, '2014-05-27 07:10:00'),
(1024, 2, '2014-05-27 17:18:00'),
(1025, 2, '2014-05-28 07:20:00'),
(1026, 2, '2014-05-28 17:16:00'),
(1027, 2, '2014-05-29 07:19:00'),
(1028, 2, '2014-05-29 17:13:00'),
(1029, 2, '2014-05-30 07:09:00'),
(1030, 2, '2014-05-30 17:12:00'),
(1031, 2, '2014-05-31 07:18:00'),
(1032, 2, '2014-05-31 17:20:00'),
(1033, 2, '2014-06-01 07:16:00'),
(1034, 2, '2014-06-01 17:19:00'),
(1035, 2, '2014-06-02 07:13:00'),
(1036, 2, '2014-06-02 17:09:00'),
(1037, 2, '2014-06-03 07:12:00'),
(1038, 2, '2014-06-03 17:15:00'),
(1039, 2, '2014-06-04 07:10:00'),
(1040, 2, '2014-06-04 17:18:00'),
(1041, 2, '2014-06-05 07:20:00'),
(1042, 2, '2014-06-05 17:16:00'),
(1043, 2, '2014-06-06 07:19:00'),
(1044, 2, '2014-06-06 17:13:00'),
(1045, 2, '2014-06-07 07:12:00'),
(1046, 2, '2014-06-07 17:15:00'),
(1047, 2, '2014-06-08 07:10:00'),
(1048, 2, '2014-06-08 17:18:00'),
(1049, 2, '2014-06-09 07:20:00'),
(1050, 2, '2014-06-09 17:16:00'),
(1051, 2, '2014-06-10 07:19:00'),
(1052, 2, '2014-06-10 17:09:00'),
(1053, 2, '2014-06-11 07:12:00'),
(1054, 2, '2014-06-11 17:15:00'),
(1055, 2, '2014-06-12 07:10:00'),
(1056, 2, '2014-06-12 17:18:00'),
(1057, 2, '2014-06-13 07:20:00'),
(1058, 2, '2014-06-13 17:16:00'),
(1059, 2, '2014-06-14 07:19:00'),
(1060, 2, '2014-06-14 17:13:00'),
(1061, 2, '2014-06-15 07:09:00'),
(1062, 2, '2014-06-15 17:12:00'),
(1063, 2, '2014-06-16 07:15:00'),
(1064, 2, '2014-06-16 17:10:00'),
(1065, 2, '2014-06-17 07:18:00'),
(1066, 2, '2014-06-17 17:20:00'),
(1067, 2, '2014-06-18 07:16:00'),
(1068, 2, '2014-06-18 17:19:00'),
(1069, 2, '2014-06-15 07:13:00'),
(1070, 2, '2014-06-15 17:12:00'),
(1071, 2, '2014-06-20 07:15:00'),
(1072, 2, '2014-06-20 17:10:00'),
(1073, 2, '2014-06-21 07:18:00'),
(1074, 2, '2014-06-21 17:20:00'),
(1075, 2, '2014-06-22 07:16:00'),
(1076, 2, '2014-06-22 17:19:00'),
(1077, 2, '2014-06-23 07:13:00'),
(1078, 2, '2014-06-23 17:09:00'),
(1079, 2, '2014-06-24 07:12:00'),
(1080, 2, '2014-06-24 17:18:00'),
(1081, 2, '2014-06-25 07:20:00'),
(1082, 2, '2014-06-25 17:15:00'),
(1083, 2, '2014-06-26 07:10:00'),
(1084, 2, '2014-06-26 17:18:00'),
(1085, 2, '2014-06-27 07:20:00'),
(1086, 2, '2014-06-27 17:16:00'),
(1087, 2, '2014-06-28 07:19:00'),
(1088, 2, '2014-06-28 17:13:00'),
(1089, 2, '2014-06-29 07:09:00'),
(1090, 2, '2014-06-29 17:12:00'),
(1091, 2, '2014-06-30 07:15:00'),
(1092, 2, '2014-06-30 17:10:00'),
(1093, 2, '2014-07-01 07:18:00'),
(1094, 2, '2014-07-01 17:20:00'),
(1095, 2, '2014-07-02 07:16:00'),
(1096, 2, '2014-07-02 17:19:00'),
(1097, 2, '2014-07-03 07:13:00'),
(1098, 2, '2014-07-03 17:12:00'),
(1099, 2, '2014-07-04 07:15:00'),
(1100, 2, '2014-07-04 17:10:00'),
(1101, 2, '2014-07-05 07:18:00'),
(1102, 2, '2014-07-05 17:20:00'),
(1103, 2, '2014-07-06 07:16:00'),
(1104, 2, '2014-07-06 17:19:00'),
(1105, 2, '2014-07-07 07:13:00'),
(1106, 2, '2014-07-07 17:09:00'),
(1107, 2, '2014-07-08 07:12:00'),
(1108, 2, '2014-07-08 17:18:00'),
(1109, 2, '2014-07-09 07:20:00'),
(1110, 2, '2014-07-09 17:12:00'),
(1111, 2, '2014-07-10 07:15:00'),
(1112, 2, '2014-07-10 17:10:00'),
(1113, 2, '2014-07-11 07:18:00'),
(1114, 2, '2014-07-11 17:20:00'),
(1115, 2, '2014-07-12 07:16:00'),
(1116, 2, '2014-07-12 17:19:00'),
(1117, 2, '2014-07-13 07:13:00'),
(1118, 2, '2014-07-13 17:09:00'),
(1119, 2, '2014-07-14 07:12:00'),
(1120, 2, '2014-07-14 17:18:00'),
(1121, 2, '2014-07-15 07:20:00'),
(1122, 2, '2014-07-15 17:16:00'),
(1123, 2, '2014-07-16 07:19:00'),
(1124, 2, '2014-07-16 17:13:00'),
(1125, 2, '2014-07-17 07:09:00'),
(1126, 2, '2014-07-17 17:12:00'),
(1127, 2, '2014-07-18 07:15:00'),
(1128, 2, '2014-07-18 17:10:00'),
(1129, 2, '2014-07-15 07:18:00'),
(1130, 2, '2014-07-15 17:20:00'),
(1131, 2, '2014-07-20 07:16:00'),
(1132, 2, '2014-07-20 17:19:00'),
(1133, 2, '2014-07-21 07:13:00'),
(1134, 2, '2014-07-21 17:12:00'),
(1135, 2, '2014-07-22 07:15:00'),
(1136, 2, '2014-07-22 17:10:00'),
(1137, 2, '2014-07-23 07:18:00'),
(1138, 2, '2014-07-23 17:20:00'),
(1139, 2, '2014-07-24 07:16:00'),
(1140, 2, '2014-07-24 17:19:00'),
(1141, 2, '2014-07-25 07:09:00'),
(1142, 2, '2014-07-25 17:12:00'),
(1143, 2, '2014-07-26 07:15:00'),
(1144, 2, '2014-07-26 17:10:00'),
(1145, 2, '2014-07-27 07:18:00'),
(1146, 2, '2014-07-27 17:20:00'),
(1147, 2, '2014-07-28 07:16:00'),
(1148, 2, '2014-07-28 17:19:00'),
(1149, 2, '2014-07-29 07:13:00'),
(1150, 2, '2014-07-29 17:09:00'),
(1151, 2, '2014-07-30 07:12:00'),
(1152, 2, '2014-07-30 17:15:00'),
(1153, 2, '2014-07-31 07:10:00'),
(1154, 2, '2014-07-31 17:18:00'),
(1155, 2, '2014-08-01 07:20:00'),
(1156, 2, '2014-08-01 17:16:00'),
(1157, 2, '2014-08-02 07:19:00'),
(1158, 2, '2014-08-02 17:13:00'),
(1159, 2, '2014-08-03 07:12:00'),
(1160, 2, '2014-08-03 17:15:00'),
(1161, 2, '2014-08-04 07:10:00'),
(1162, 2, '2014-08-04 17:18:00'),
(1163, 2, '2014-08-05 07:20:00'),
(1164, 2, '2014-08-05 17:16:00'),
(1165, 2, '2014-08-06 07:19:00'),
(1166, 2, '2014-08-06 17:13:00'),
(1167, 2, '2014-08-07 07:09:00'),
(1168, 2, '2014-08-07 17:12:00'),
(1169, 2, '2014-08-08 07:18:00'),
(1170, 2, '2014-08-08 17:20:00'),
(1171, 2, '2014-08-09 07:15:00'),
(1172, 2, '2014-08-09 17:10:00'),
(1173, 2, '2014-08-10 07:18:00'),
(1174, 2, '2014-08-10 17:20:00'),
(1175, 2, '2014-08-11 07:16:00'),
(1176, 2, '2014-08-11 17:10:00'),
(1177, 2, '2014-08-12 07:18:00'),
(1178, 2, '2014-08-12 17:20:00'),
(1179, 2, '2014-08-13 07:16:00'),
(1180, 2, '2014-08-13 17:19:00'),
(1181, 2, '2014-08-14 07:13:00'),
(1182, 2, '2014-08-14 17:09:00'),
(1183, 2, '2014-08-15 07:12:00'),
(1184, 2, '2014-08-15 17:15:00'),
(1185, 2, '2014-08-16 07:10:00'),
(1186, 2, '2014-08-16 17:18:00'),
(1187, 2, '2014-08-17 07:20:00'),
(1188, 2, '2014-08-17 17:16:00'),
(1189, 2, '2014-08-18 07:19:00'),
(1190, 2, '2014-08-18 17:13:00'),
(1191, 2, '2014-08-15 07:12:00'),
(1192, 2, '2014-08-15 17:15:00'),
(1193, 2, '2014-08-20 07:10:00'),
(1194, 2, '2014-08-20 17:18:00'),
(1195, 2, '2014-08-21 07:20:00'),
(1196, 2, '2014-08-21 17:16:00'),
(1197, 2, '2014-08-22 07:19:00'),
(1198, 2, '2014-08-22 17:13:00'),
(1199, 2, '2014-08-23 07:09:00'),
(1200, 2, '2014-08-23 17:12:00'),
(1201, 2, '2014-08-24 07:18:00'),
(1202, 2, '2014-08-24 17:20:00'),
(1203, 2, '2014-08-25 07:16:00'),
(1204, 2, '2014-08-25 17:19:00'),
(1205, 2, '2014-08-26 07:10:00'),
(1206, 2, '2014-08-26 17:18:00'),
(1207, 2, '2014-08-27 07:20:00'),
(1208, 2, '2014-08-27 17:16:00'),
(1209, 2, '2014-08-28 07:19:00'),
(1210, 2, '2014-08-28 17:13:00'),
(1211, 2, '2014-08-29 07:09:00'),
(1212, 2, '2014-08-29 17:12:00'),
(1213, 2, '2014-08-30 07:15:00'),
(1214, 2, '2014-08-30 17:10:00'),
(1215, 2, '2014-08-31 07:18:00'),
(1216, 2, '2014-08-31 17:20:00'),
(1217, 2, '2014-09-01 07:16:00'),
(1218, 2, '2014-09-01 17:19:00'),
(1219, 2, '2014-09-02 07:13:00'),
(1220, 2, '2014-09-02 17:12:00'),
(1221, 2, '2014-09-03 07:15:00'),
(1222, 2, '2014-09-03 17:10:00'),
(1223, 2, '2014-09-04 07:18:00'),
(1224, 2, '2014-09-04 17:20:00'),
(1225, 2, '2014-09-05 07:16:00'),
(1226, 2, '2014-09-05 17:19:00'),
(1227, 2, '2014-09-06 07:13:00'),
(1228, 2, '2014-09-06 17:09:00'),
(1229, 2, '2014-09-07 07:12:00'),
(1230, 2, '2014-09-07 17:18:00'),
(1231, 2, '2014-09-08 07:20:00'),
(1232, 2, '2014-09-08 17:15:00'),
(1233, 2, '2014-09-09 07:10:00'),
(1234, 2, '2014-09-09 17:18:00'),
(1235, 2, '2014-09-10 07:20:00'),
(1236, 2, '2014-09-10 17:16:00'),
(1237, 2, '2014-09-11 07:19:00'),
(1238, 2, '2014-09-11 17:13:00'),
(1239, 2, '2014-09-12 07:09:00'),
(1240, 2, '2014-09-12 17:12:00'),
(1241, 2, '2014-09-13 07:15:00'),
(1242, 2, '2014-09-13 17:10:00'),
(1243, 2, '2014-09-14 07:18:00'),
(1244, 2, '2014-09-14 17:20:00'),
(1245, 2, '2014-09-15 07:16:00'),
(1246, 2, '2014-09-15 17:19:00'),
(1247, 2, '2014-09-16 07:13:00'),
(1248, 2, '2014-09-16 17:09:00'),
(1249, 2, '2014-09-17 07:12:00'),
(1250, 2, '2014-09-17 17:18:00'),
(1251, 2, '2014-09-18 07:20:00'),
(1252, 2, '2014-09-18 17:15:00'),
(1253, 2, '2014-09-15 07:10:00'),
(1254, 2, '2014-09-15 17:18:00'),
(1255, 2, '2014-09-20 07:20:00'),
(1256, 2, '2014-09-20 17:16:00'),
(1257, 2, '2014-09-21 07:19:00'),
(1258, 2, '2014-09-21 17:13:00'),
(1259, 2, '2014-09-22 07:09:00'),
(1260, 2, '2014-09-22 17:12:00'),
(1261, 2, '2014-09-23 07:15:00'),
(1262, 2, '2014-09-23 17:10:00'),
(1263, 2, '2014-09-24 07:18:00'),
(1264, 2, '2014-09-24 17:20:00'),
(1265, 2, '2014-09-25 07:16:00'),
(1266, 2, '2014-09-25 17:19:00'),
(1267, 2, '2014-09-26 07:13:00'),
(1268, 2, '2014-09-26 17:12:00'),
(1269, 2, '2014-09-27 07:15:00'),
(1270, 2, '2014-09-27 17:10:00'),
(1271, 2, '2014-09-28 07:18:00'),
(1272, 2, '2014-09-28 17:20:00'),
(1273, 2, '2014-09-29 07:16:00'),
(1274, 2, '2014-09-29 17:19:00'),
(1275, 2, '2014-09-30 07:13:00'),
(1276, 2, '2014-09-30 17:09:00'),
(1277, 2, '2014-10-01 07:12:00'),
(1278, 2, '2014-10-01 17:18:00'),
(1279, 2, '2014-10-02 07:20:00'),
(1280, 2, '2014-10-02 17:12:00'),
(1281, 2, '2014-10-03 07:15:00'),
(1282, 2, '2014-10-03 17:10:00'),
(1283, 2, '2014-10-04 07:18:00'),
(1284, 2, '2014-10-04 17:20:00'),
(1285, 2, '2014-10-05 07:16:00'),
(1286, 2, '2014-10-05 17:19:00'),
(1287, 2, '2014-10-06 07:13:00'),
(1288, 2, '2014-10-06 17:09:00'),
(1289, 2, '2014-10-07 07:12:00'),
(1290, 2, '2014-10-07 17:18:00'),
(1291, 2, '2014-10-08 07:20:00'),
(1292, 2, '2014-10-08 17:16:00'),
(1293, 2, '2014-10-09 07:19:00'),
(1294, 2, '2014-10-09 17:13:00'),
(1295, 2, '2014-10-10 07:09:00'),
(1296, 2, '2014-10-10 17:12:00'),
(1297, 2, '2014-10-11 07:15:00'),
(1298, 2, '2014-10-11 17:10:00'),
(1299, 2, '2014-10-12 07:18:00'),
(1300, 2, '2014-10-12 17:20:00'),
(1301, 2, '2014-10-13 07:16:00'),
(1302, 2, '2014-10-13 17:20:00'),
(1303, 2, '2014-10-14 07:16:00'),
(1304, 2, '2014-10-14 17:19:00'),
(1305, 2, '2014-10-15 07:13:00'),
(1306, 2, '2014-10-15 17:09:00'),
(1307, 2, '2014-10-16 07:12:00'),
(1308, 2, '2014-10-16 17:15:00'),
(1309, 2, '2014-10-17 07:10:00'),
(1310, 2, '2014-10-17 17:18:00'),
(1311, 2, '2014-10-18 07:20:00'),
(1312, 2, '2014-10-18 17:16:00'),
(1313, 2, '2014-10-15 07:19:00'),
(1314, 2, '2014-10-15 17:13:00'),
(1315, 2, '2014-10-20 07:12:00'),
(1316, 2, '2014-10-20 17:15:00'),
(1317, 2, '2014-10-21 07:10:00'),
(1318, 2, '2014-10-21 17:18:00'),
(1319, 2, '2014-10-22 07:20:00'),
(1320, 2, '2014-10-22 17:16:00'),
(1321, 2, '2014-10-23 07:19:00'),
(1322, 2, '2014-10-23 17:09:00'),
(1323, 2, '2014-10-24 07:12:00'),
(1324, 2, '2014-10-24 17:15:00'),
(1325, 2, '2014-10-25 07:10:00'),
(1326, 2, '2014-10-25 17:18:00'),
(1327, 2, '2014-10-26 07:20:00'),
(1328, 2, '2014-10-26 17:16:00'),
(1329, 2, '2014-10-27 07:19:00'),
(1330, 2, '2014-10-27 17:13:00'),
(1331, 2, '2014-10-28 07:09:00'),
(1332, 2, '2014-10-28 17:12:00'),
(1333, 2, '2014-10-29 07:15:00'),
(1334, 2, '2014-10-29 17:10:00'),
(1335, 2, '2014-10-30 07:18:00'),
(1336, 2, '2014-10-30 17:20:00'),
(1337, 2, '2014-10-31 07:16:00'),
(1338, 2, '2014-10-31 17:19:00'),
(1339, 2, '2014-11-01 07:13:00'),
(1340, 2, '2014-11-01 17:12:00'),
(1341, 2, '2014-11-02 07:15:00'),
(1342, 2, '2014-11-02 17:10:00'),
(1343, 2, '2014-11-03 07:18:00'),
(1344, 2, '2014-11-03 17:20:00'),
(1345, 2, '2014-11-04 07:16:00'),
(1346, 2, '2014-11-04 17:19:00'),
(1347, 2, '2014-11-05 07:13:00'),
(1348, 2, '2014-11-05 17:09:00'),
(1349, 2, '2014-11-06 07:12:00'),
(1350, 2, '2014-11-06 17:18:00'),
(1351, 2, '2014-11-07 07:20:00'),
(1352, 2, '2014-11-07 17:15:00'),
(1353, 2, '2014-11-08 07:10:00'),
(1354, 2, '2014-11-08 17:18:00'),
(1355, 2, '2014-11-09 07:20:00'),
(1356, 2, '2014-11-09 17:16:00'),
(1357, 2, '2014-11-10 07:19:00'),
(1358, 2, '2014-11-10 17:13:00'),
(1359, 2, '2014-11-11 07:09:00'),
(1360, 2, '2014-11-11 17:12:00'),
(1361, 2, '2014-11-12 07:15:00'),
(1362, 2, '2014-11-12 17:10:00'),
(1363, 2, '2014-11-13 07:18:00'),
(1364, 2, '2014-11-13 17:20:00'),
(1365, 2, '2014-11-14 07:16:00'),
(1366, 2, '2014-11-14 17:19:00'),
(1367, 2, '2014-11-15 07:13:00'),
(1368, 2, '2014-11-15 17:12:00'),
(1369, 2, '2014-11-16 07:15:00'),
(1370, 2, '2014-11-16 17:10:00'),
(1371, 2, '2014-11-17 07:18:00'),
(1372, 2, '2014-11-17 17:20:00'),
(1373, 2, '2014-11-18 07:16:00'),
(1374, 2, '2014-11-18 17:19:00'),
(1375, 2, '2014-11-15 07:13:00'),
(1376, 2, '2014-11-15 17:09:00'),
(1377, 2, '2014-11-20 07:12:00'),
(1378, 2, '2014-11-20 17:18:00'),
(1379, 2, '2014-11-21 07:20:00'),
(1380, 2, '2014-11-21 17:12:00'),
(1381, 2, '2014-11-22 07:15:00'),
(1382, 2, '2014-11-22 17:10:00'),
(1383, 2, '2014-11-23 07:18:00'),
(1384, 2, '2014-11-23 17:20:00'),
(1385, 2, '2014-11-24 07:16:00'),
(1386, 2, '2014-11-24 17:19:00'),
(1387, 2, '2014-11-25 07:13:00'),
(1388, 2, '2014-11-25 17:09:00'),
(1389, 2, '2014-11-26 07:12:00'),
(1390, 2, '2014-11-26 17:18:00'),
(1391, 2, '2014-11-27 07:20:00'),
(1392, 2, '2014-11-27 17:16:00'),
(1393, 2, '2014-11-28 07:19:00'),
(1394, 2, '2014-11-28 17:13:00'),
(1395, 2, '2014-11-29 07:09:00'),
(1396, 2, '2014-11-29 17:12:00'),
(1397, 2, '2014-11-30 07:15:00'),
(1398, 2, '2014-11-30 17:10:00'),
(1399, 2, '2014-12-01 07:18:00'),
(1400, 2, '2014-12-01 17:20:00'),
(1401, 2, '2014-12-02 07:16:00'),
(1402, 2, '2014-12-02 17:19:00'),
(1403, 2, '2014-12-03 07:13:00'),
(1404, 2, '2014-12-03 17:12:00'),
(1405, 2, '2014-12-04 07:15:00'),
(1406, 2, '2014-12-04 17:10:00'),
(1407, 2, '2014-12-05 07:18:00'),
(1408, 2, '2014-12-05 17:20:00'),
(1409, 2, '2014-12-06 07:16:00'),
(1410, 2, '2014-12-06 17:19:00'),
(1411, 2, '2014-12-07 07:09:00'),
(1412, 2, '2014-12-07 17:12:00'),
(1413, 2, '2014-12-08 07:15:00'),
(1414, 2, '2014-12-08 17:10:00'),
(1415, 2, '2014-12-09 07:18:00'),
(1416, 2, '2014-12-09 17:20:00'),
(1417, 2, '2014-12-10 07:16:00'),
(1418, 2, '2014-12-10 17:19:00'),
(1419, 2, '2014-12-11 07:13:00'),
(1420, 2, '2014-12-11 17:19:00'),
(1421, 2, '2014-12-12 07:13:00'),
(1422, 2, '2014-12-12 17:09:00'),
(1423, 2, '2014-12-13 07:12:00'),
(1424, 2, '2014-12-13 17:15:00'),
(1425, 2, '2014-12-14 07:10:00'),
(1426, 2, '2014-12-14 17:18:00'),
(1427, 2, '2014-12-15 07:20:00'),
(1428, 2, '2014-12-15 17:16:00'),
(1429, 2, '2014-12-16 07:19:00'),
(1430, 2, '2014-12-16 17:13:00'),
(1431, 2, '2014-12-17 07:12:00'),
(1432, 2, '2014-12-17 17:15:00'),
(1433, 2, '2014-12-18 07:10:00'),
(1434, 2, '2014-12-18 17:18:00'),
(1435, 2, '2014-12-15 07:20:00'),
(1436, 2, '2014-12-15 17:16:00'),
(1437, 2, '2014-12-20 07:19:00'),
(1438, 2, '2014-12-20 17:09:00'),
(1439, 2, '2014-12-21 07:12:00'),
(1440, 2, '2014-12-21 17:15:00'),
(1441, 2, '2014-12-22 07:10:00'),
(1442, 2, '2014-12-22 17:18:00'),
(1443, 2, '2014-12-23 07:20:00'),
(1444, 2, '2014-12-23 17:16:00'),
(1445, 2, '2014-12-24 07:19:00'),
(1446, 2, '2014-12-24 17:13:00'),
(1447, 2, '2014-12-25 07:09:00'),
(1448, 2, '2014-12-25 17:12:00'),
(1449, 2, '2014-12-26 07:15:00'),
(1450, 2, '2014-12-26 17:10:00'),
(1451, 2, '2014-12-27 07:18:00'),
(1452, 2, '2014-12-27 17:20:00'),
(1453, 2, '2014-12-28 07:16:00'),
(1454, 2, '2014-12-28 17:19:00'),
(1455, 2, '2014-12-29 07:13:00'),
(1456, 2, '2014-12-29 17:12:00'),
(1457, 2, '2014-12-30 07:15:00'),
(1458, 2, '2014-12-30 17:10:00'),
(1459, 2, '2014-12-31 07:18:00'),
(1460, 2, '2014-12-31 17:20:00'),
(1461, 3, '2014-01-01 07:10:00'),
(1462, 3, '2014-01-01 17:18:00'),
(1463, 3, '2014-01-02 07:20:00'),
(1464, 3, '2014-01-02 17:16:00'),
(1465, 3, '2014-01-03 07:19:00'),
(1466, 3, '2014-01-03 17:13:00'),
(1467, 3, '2014-01-04 07:12:00'),
(1468, 3, '2014-01-04 17:15:00'),
(1469, 3, '2014-01-05 07:10:00'),
(1470, 3, '2014-01-05 17:18:00'),
(1471, 3, '2014-01-06 07:20:00'),
(1472, 3, '2014-01-06 17:16:00'),
(1473, 3, '2014-01-07 07:19:00'),
(1474, 3, '2014-01-07 17:09:00'),
(1475, 3, '2014-01-08 07:12:00'),
(1476, 3, '2014-01-08 17:15:00'),
(1477, 3, '2014-01-09 07:10:00'),
(1478, 3, '2014-01-09 17:18:00'),
(1479, 3, '2014-01-10 07:20:00'),
(1480, 3, '2014-01-10 17:16:00'),
(1481, 3, '2014-01-11 07:19:00'),
(1482, 3, '2014-01-11 17:13:00'),
(1483, 3, '2014-01-12 07:09:00'),
(1484, 3, '2014-01-12 17:12:00'),
(1485, 3, '2014-01-13 07:15:00'),
(1486, 3, '2014-01-13 17:10:00'),
(1487, 3, '2014-01-14 07:18:00'),
(1488, 3, '2014-01-14 17:20:00'),
(1489, 3, '2014-01-15 07:16:00'),
(1490, 3, '2014-01-15 17:19:00'),
(1491, 3, '2014-01-16 07:13:00'),
(1492, 3, '2014-01-16 17:12:00'),
(1493, 3, '2014-01-17 07:15:00'),
(1494, 3, '2014-01-17 17:10:00'),
(1495, 3, '2014-01-18 07:18:00'),
(1496, 3, '2014-01-18 17:20:00'),
(1497, 3, '2014-01-15 07:16:00'),
(1498, 3, '2014-01-15 17:19:00'),
(1499, 3, '2014-01-20 07:13:00'),
(1500, 3, '2014-01-20 17:09:00'),
(1501, 3, '2014-01-21 07:12:00'),
(1502, 3, '2014-01-21 17:18:00'),
(1503, 3, '2014-01-22 07:20:00'),
(1504, 3, '2014-01-22 17:15:00'),
(1505, 3, '2014-01-23 07:10:00'),
(1506, 3, '2014-01-23 17:18:00'),
(1507, 3, '2014-01-24 07:20:00'),
(1508, 3, '2014-01-24 17:16:00'),
(1509, 3, '2014-01-25 07:10:00'),
(1510, 3, '2014-01-25 17:18:00'),
(1511, 3, '2014-01-26 07:20:00'),
(1512, 3, '2014-01-26 17:16:00'),
(1513, 3, '2014-01-27 07:19:00'),
(1514, 3, '2014-01-27 17:13:00'),
(1515, 3, '2014-01-28 07:09:00'),
(1516, 3, '2014-01-28 17:12:00'),
(1517, 3, '2014-01-29 07:15:00'),
(1518, 3, '2014-01-29 17:10:00'),
(1519, 3, '2014-01-30 07:18:00'),
(1520, 3, '2014-01-30 17:20:00'),
(1521, 3, '2014-01-31 07:16:00'),
(1522, 3, '2014-01-31 17:19:00'),
(1523, 3, '2014-02-01 07:13:00'),
(1524, 3, '2014-02-01 17:12:00'),
(1525, 3, '2014-02-02 07:15:00'),
(1526, 3, '2014-02-02 17:10:00'),
(1527, 3, '2014-02-03 07:18:00'),
(1528, 3, '2014-02-03 17:20:00'),
(1529, 3, '2014-02-04 07:16:00'),
(1530, 3, '2014-02-04 17:19:00'),
(1531, 3, '2014-02-05 07:13:00'),
(1532, 3, '2014-02-05 17:09:00'),
(1533, 3, '2014-02-06 07:12:00'),
(1534, 3, '2014-02-06 17:18:00'),
(1535, 3, '2014-02-07 07:20:00'),
(1536, 3, '2014-02-07 17:16:00'),
(1537, 3, '2014-02-08 07:19:00'),
(1538, 3, '2014-02-08 17:13:00'),
(1539, 3, '2014-02-09 07:09:00'),
(1540, 3, '2014-02-09 17:12:00'),
(1541, 3, '2014-02-10 07:15:00'),
(1542, 3, '2014-02-10 17:10:00'),
(1543, 3, '2014-02-11 07:18:00'),
(1544, 3, '2014-02-11 17:20:00'),
(1545, 3, '2014-02-12 07:16:00'),
(1546, 3, '2014-02-12 17:19:00'),
(1547, 3, '2014-02-13 07:13:00'),
(1548, 3, '2014-02-13 17:12:00'),
(1549, 3, '2014-02-14 07:15:00'),
(1550, 3, '2014-02-14 17:10:00'),
(1551, 3, '2014-02-15 07:18:00'),
(1552, 3, '2014-02-15 17:20:00'),
(1553, 3, '2014-02-16 07:16:00'),
(1554, 3, '2014-02-16 17:19:00'),
(1555, 3, '2014-02-17 07:09:00'),
(1556, 3, '2014-02-17 17:12:00'),
(1557, 3, '2014-02-18 07:15:00'),
(1558, 3, '2014-02-18 17:10:00'),
(1559, 3, '2014-02-15 07:18:00'),
(1560, 3, '2014-02-15 17:20:00'),
(1561, 3, '2014-02-20 07:16:00'),
(1562, 3, '2014-02-20 17:19:00'),
(1563, 3, '2014-02-21 07:13:00'),
(1564, 3, '2014-02-21 17:09:00'),
(1565, 3, '2014-02-22 07:12:00'),
(1566, 3, '2014-02-22 17:15:00'),
(1567, 3, '2014-02-23 07:10:00'),
(1568, 3, '2014-02-23 17:18:00'),
(1569, 3, '2014-02-24 07:20:00'),
(1570, 3, '2014-02-24 17:16:00'),
(1571, 3, '2014-02-25 07:19:00'),
(1572, 3, '2014-02-25 17:13:00'),
(1573, 3, '2014-02-26 07:12:00'),
(1574, 3, '2014-02-26 17:15:00'),
(1575, 3, '2014-02-27 07:10:00'),
(1576, 3, '2014-02-27 17:18:00'),
(1577, 3, '2014-02-28 07:20:00'),
(1578, 3, '2014-02-28 17:16:00'),
(1579, 3, '2014-03-01 07:19:00'),
(1580, 3, '2014-03-01 17:13:00'),
(1581, 3, '2014-03-02 07:09:00'),
(1582, 3, '2014-03-02 17:12:00'),
(1583, 3, '2014-03-03 07:18:00'),
(1584, 3, '2014-03-03 17:20:00'),
(1585, 3, '2014-03-04 07:15:00'),
(1586, 3, '2014-03-04 17:10:00'),
(1587, 3, '2014-03-05 07:18:00'),
(1588, 3, '2014-03-05 17:20:00'),
(1589, 3, '2014-03-06 07:16:00'),
(1590, 3, '2014-03-06 17:19:00'),
(1591, 3, '2014-03-07 07:13:00'),
(1592, 3, '2014-03-07 17:09:00'),
(1593, 3, '2014-03-08 07:12:00'),
(1594, 3, '2014-03-08 17:15:00'),
(1595, 3, '2014-03-09 07:10:00'),
(1596, 3, '2014-03-09 17:18:00');
INSERT INTO `absen_harian` (`id_absen`, `id_pegawai`, `tgl_absen`) VALUES
(1597, 3, '2014-03-10 07:20:00'),
(1598, 3, '2014-03-10 17:16:00'),
(1599, 3, '2014-03-11 07:19:00'),
(1600, 3, '2014-03-11 17:13:00'),
(1601, 3, '2014-03-12 07:12:00'),
(1602, 3, '2014-03-12 17:15:00'),
(1603, 3, '2014-03-13 07:10:00'),
(1604, 3, '2014-03-13 17:18:00'),
(1605, 3, '2014-03-14 07:20:00'),
(1606, 3, '2014-03-14 17:16:00'),
(1607, 3, '2014-03-15 07:19:00'),
(1608, 3, '2014-03-15 17:13:00'),
(1609, 3, '2014-03-16 07:09:00'),
(1610, 3, '2014-03-16 17:12:00'),
(1611, 3, '2014-03-17 07:18:00'),
(1612, 3, '2014-03-17 17:20:00'),
(1613, 3, '2014-03-18 07:12:00'),
(1614, 3, '2014-03-18 17:15:00'),
(1615, 3, '2014-03-15 07:10:00'),
(1616, 3, '2014-03-15 17:18:00'),
(1617, 3, '2014-03-20 07:20:00'),
(1618, 3, '2014-03-20 17:16:00'),
(1619, 3, '2014-03-21 07:19:00'),
(1620, 3, '2014-03-21 17:13:00'),
(1621, 3, '2014-03-22 07:09:00'),
(1622, 3, '2014-03-22 17:12:00'),
(1623, 3, '2014-03-23 07:18:00'),
(1624, 3, '2014-03-23 17:20:00'),
(1625, 3, '2014-03-24 07:16:00'),
(1626, 3, '2014-03-24 17:19:00'),
(1627, 3, '2014-03-25 07:13:00'),
(1628, 3, '2014-03-25 17:09:00'),
(1629, 3, '2014-03-26 07:12:00'),
(1630, 3, '2014-03-26 17:15:00'),
(1631, 3, '2014-03-27 07:10:00'),
(1632, 3, '2014-03-27 17:18:00'),
(1633, 3, '2014-03-28 07:20:00'),
(1634, 3, '2014-03-28 17:16:00'),
(1635, 3, '2014-03-29 07:09:00'),
(1636, 3, '2014-03-29 17:12:00'),
(1637, 3, '2014-03-30 07:15:00'),
(1638, 3, '2014-03-30 17:10:00'),
(1639, 3, '2014-03-31 07:18:00'),
(1640, 3, '2014-03-31 17:20:00'),
(1641, 3, '2014-04-01 07:16:00'),
(1642, 3, '2014-04-01 17:19:00'),
(1643, 3, '2014-04-02 07:13:00'),
(1644, 3, '2014-04-02 17:09:00'),
(1645, 3, '2014-04-03 07:12:00'),
(1646, 3, '2014-04-03 17:15:00'),
(1647, 3, '2014-04-04 07:10:00'),
(1648, 3, '2014-04-04 17:18:00'),
(1649, 3, '2014-04-05 07:20:00'),
(1650, 3, '2014-04-05 17:16:00'),
(1651, 3, '2014-04-06 07:19:00'),
(1652, 3, '2014-04-06 17:13:00'),
(1653, 3, '2014-04-07 07:12:00'),
(1654, 3, '2014-04-07 17:15:00'),
(1655, 3, '2014-04-08 07:10:00'),
(1656, 3, '2014-04-08 17:18:00'),
(1657, 3, '2014-04-09 07:20:00'),
(1658, 3, '2014-04-09 17:16:00'),
(1659, 3, '2014-04-10 07:19:00'),
(1660, 3, '2014-04-10 17:13:00'),
(1661, 3, '2014-04-11 07:09:00'),
(1662, 3, '2014-04-11 17:12:00'),
(1663, 3, '2014-04-12 07:18:00'),
(1664, 3, '2014-04-12 17:20:00'),
(1665, 3, '2014-04-13 07:16:00'),
(1666, 3, '2014-04-13 17:19:00'),
(1667, 3, '2014-04-14 07:13:00'),
(1668, 3, '2014-04-14 17:09:00'),
(1669, 3, '2014-04-15 07:12:00'),
(1670, 3, '2014-04-15 17:15:00'),
(1671, 3, '2014-04-16 07:10:00'),
(1672, 3, '2014-04-16 17:18:00'),
(1673, 3, '2014-04-17 07:20:00'),
(1674, 3, '2014-04-17 17:16:00'),
(1675, 3, '2014-04-18 07:19:00'),
(1676, 3, '2014-04-18 17:13:00'),
(1677, 3, '2014-04-15 07:12:00'),
(1678, 3, '2014-04-15 17:15:00'),
(1679, 3, '2014-04-20 07:10:00'),
(1680, 3, '2014-04-20 17:18:00'),
(1681, 3, '2014-04-21 07:20:00'),
(1682, 3, '2014-04-21 17:16:00'),
(1683, 3, '2014-04-22 07:19:00'),
(1684, 3, '2014-04-22 17:09:00'),
(1685, 3, '2014-04-23 07:12:00'),
(1686, 3, '2014-04-23 17:15:00'),
(1687, 3, '2014-04-24 07:10:00'),
(1688, 3, '2014-04-24 17:18:00'),
(1689, 3, '2014-04-25 07:20:00'),
(1690, 3, '2014-04-25 17:16:00'),
(1691, 3, '2014-04-26 07:19:00'),
(1692, 3, '2014-04-26 17:13:00'),
(1693, 3, '2014-04-27 07:09:00'),
(1694, 3, '2014-04-27 17:12:00'),
(1695, 3, '2014-04-28 07:15:00'),
(1696, 3, '2014-04-28 17:10:00'),
(1697, 3, '2014-04-29 07:18:00'),
(1698, 3, '2014-04-29 17:20:00'),
(1699, 3, '2014-04-30 07:16:00'),
(1700, 3, '2014-04-30 17:19:00'),
(1701, 3, '2014-05-01 07:13:00'),
(1702, 3, '2014-05-01 17:12:00'),
(1703, 3, '2014-05-02 07:15:00'),
(1704, 3, '2014-05-02 17:10:00'),
(1705, 3, '2014-05-03 07:18:00'),
(1706, 3, '2014-05-03 17:20:00'),
(1707, 3, '2014-05-04 07:16:00'),
(1708, 3, '2014-05-04 17:19:00'),
(1709, 3, '2014-05-05 07:13:00'),
(1710, 3, '2014-05-05 17:09:00'),
(1711, 3, '2014-05-06 07:12:00'),
(1712, 3, '2014-05-06 17:18:00'),
(1713, 3, '2014-05-07 07:20:00'),
(1714, 3, '2014-05-07 17:15:00'),
(1715, 3, '2014-05-08 07:10:00'),
(1716, 3, '2014-05-08 17:18:00'),
(1717, 3, '2014-05-09 07:20:00'),
(1718, 3, '2014-05-09 17:16:00'),
(1719, 3, '2014-05-10 07:19:00'),
(1720, 3, '2014-05-10 17:13:00'),
(1721, 3, '2014-05-11 07:09:00'),
(1722, 3, '2014-05-11 17:12:00'),
(1723, 3, '2014-05-12 07:15:00'),
(1724, 3, '2014-05-12 17:10:00'),
(1725, 3, '2014-05-13 07:18:00'),
(1726, 3, '2014-05-13 17:20:00'),
(1727, 3, '2014-05-14 07:16:00'),
(1728, 3, '2014-05-14 17:19:00'),
(1729, 3, '2014-05-15 07:13:00'),
(1730, 3, '2014-05-15 17:12:00'),
(1731, 3, '2014-05-16 07:15:00'),
(1732, 3, '2014-05-16 17:10:00'),
(1733, 3, '2014-05-17 07:18:00'),
(1734, 3, '2014-05-17 17:20:00'),
(1735, 3, '2014-05-18 07:16:00'),
(1736, 3, '2014-05-18 17:19:00'),
(1737, 3, '2014-05-15 07:13:00'),
(1738, 3, '2014-05-15 17:09:00'),
(1739, 3, '2014-05-20 07:12:00'),
(1740, 3, '2014-05-20 17:18:00'),
(1741, 3, '2014-05-21 07:20:00'),
(1742, 3, '2014-05-21 17:12:00'),
(1743, 3, '2014-05-22 07:15:00'),
(1744, 3, '2014-05-22 17:10:00'),
(1745, 3, '2014-05-23 07:18:00'),
(1746, 3, '2014-05-23 17:20:00'),
(1747, 3, '2014-05-24 07:16:00'),
(1748, 3, '2014-05-24 17:19:00'),
(1749, 3, '2014-05-25 07:13:00'),
(1750, 3, '2014-05-25 17:09:00'),
(1751, 3, '2014-05-26 07:12:00'),
(1752, 3, '2014-05-26 17:18:00'),
(1753, 3, '2014-05-27 07:20:00'),
(1754, 3, '2014-05-27 17:16:00'),
(1755, 3, '2014-05-28 07:19:00'),
(1756, 3, '2014-05-28 17:13:00'),
(1757, 3, '2014-05-29 07:09:00'),
(1758, 3, '2014-05-29 17:12:00'),
(1759, 3, '2014-05-30 07:15:00'),
(1760, 3, '2014-05-30 17:10:00'),
(1761, 3, '2014-05-31 07:18:00'),
(1762, 3, '2014-05-31 17:20:00'),
(1763, 3, '2014-06-01 07:16:00'),
(1764, 3, '2014-06-01 17:19:00'),
(1765, 3, '2014-06-02 07:13:00'),
(1766, 3, '2014-06-02 17:12:00'),
(1767, 3, '2014-06-03 07:15:00'),
(1768, 3, '2014-06-03 17:10:00'),
(1769, 3, '2014-06-04 07:18:00'),
(1770, 3, '2014-06-04 17:20:00'),
(1771, 3, '2014-06-05 07:16:00'),
(1772, 3, '2014-06-05 17:19:00'),
(1773, 3, '2014-06-06 07:09:00'),
(1774, 3, '2014-06-06 17:12:00'),
(1775, 3, '2014-06-07 07:15:00'),
(1776, 3, '2014-06-07 17:10:00'),
(1777, 3, '2014-06-08 07:18:00'),
(1778, 3, '2014-06-08 17:20:00'),
(1779, 3, '2014-06-09 07:16:00'),
(1780, 3, '2014-06-09 17:19:00'),
(1781, 3, '2014-06-10 07:13:00'),
(1782, 3, '2014-06-10 17:09:00'),
(1783, 3, '2014-06-11 07:12:00'),
(1784, 3, '2014-06-11 17:15:00'),
(1785, 3, '2014-06-12 07:10:00'),
(1786, 3, '2014-06-12 17:18:00'),
(1787, 3, '2014-06-13 07:20:00'),
(1788, 3, '2014-06-13 17:16:00'),
(1789, 3, '2014-06-14 07:19:00'),
(1790, 3, '2014-06-14 17:13:00'),
(1791, 3, '2014-06-15 07:12:00'),
(1792, 3, '2014-06-15 17:15:00'),
(1793, 3, '2014-06-16 07:10:00'),
(1794, 3, '2014-06-16 17:18:00'),
(1795, 3, '2014-06-17 07:20:00'),
(1796, 3, '2014-06-17 17:16:00'),
(1797, 3, '2014-06-18 07:19:00'),
(1798, 3, '2014-06-18 17:13:00'),
(1799, 3, '2014-06-15 07:09:00'),
(1800, 3, '2014-06-15 17:12:00'),
(1801, 3, '2014-06-20 07:18:00'),
(1802, 3, '2014-06-20 17:20:00'),
(1803, 3, '2014-06-21 07:15:00'),
(1804, 3, '2014-06-21 17:10:00'),
(1805, 3, '2014-06-22 07:18:00'),
(1806, 3, '2014-06-22 17:20:00'),
(1807, 3, '2014-06-23 07:16:00'),
(1808, 3, '2014-06-23 17:10:00'),
(1809, 3, '2014-06-24 07:18:00'),
(1810, 3, '2014-06-24 17:20:00'),
(1811, 3, '2014-06-25 07:16:00'),
(1812, 3, '2014-06-25 17:19:00'),
(1813, 3, '2014-06-26 07:13:00'),
(1814, 3, '2014-06-26 17:09:00'),
(1815, 3, '2014-06-27 07:12:00'),
(1816, 3, '2014-06-27 17:15:00'),
(1817, 3, '2014-06-28 07:10:00'),
(1818, 3, '2014-06-28 17:13:00'),
(1819, 3, '2014-06-29 07:09:00'),
(1820, 3, '2014-06-29 17:12:00'),
(1821, 3, '2014-06-30 07:15:00'),
(1822, 3, '2014-06-30 17:10:00'),
(1823, 3, '2014-07-01 07:18:00'),
(1824, 3, '2014-07-01 17:20:00'),
(1825, 3, '2014-07-02 07:16:00'),
(1826, 3, '2014-07-02 17:19:00'),
(1827, 3, '2014-07-03 07:13:00'),
(1828, 3, '2014-07-03 17:12:00'),
(1829, 3, '2014-07-04 07:15:00'),
(1830, 3, '2014-07-04 17:10:00'),
(1831, 3, '2014-07-05 07:18:00'),
(1832, 3, '2014-07-05 17:20:00'),
(1833, 3, '2014-07-06 07:16:00'),
(1834, 3, '2014-07-06 17:19:00'),
(1835, 3, '2014-07-07 07:13:00'),
(1836, 3, '2014-07-07 17:09:00'),
(1837, 3, '2014-07-08 07:12:00'),
(1838, 3, '2014-07-08 17:18:00'),
(1839, 3, '2014-07-09 07:20:00'),
(1840, 3, '2014-07-09 17:12:00'),
(1841, 3, '2014-07-10 07:15:00'),
(1842, 3, '2014-07-10 17:10:00'),
(1843, 3, '2014-07-11 07:18:00'),
(1844, 3, '2014-07-11 17:20:00'),
(1845, 3, '2014-07-12 07:16:00'),
(1846, 3, '2014-07-12 17:19:00'),
(1847, 3, '2014-07-13 07:13:00'),
(1848, 3, '2014-07-13 17:09:00'),
(1849, 3, '2014-07-14 07:12:00'),
(1850, 3, '2014-07-14 17:18:00'),
(1851, 3, '2014-07-15 07:20:00'),
(1852, 3, '2014-07-15 17:16:00'),
(1853, 3, '2014-07-16 07:19:00'),
(1854, 3, '2014-07-16 17:13:00'),
(1855, 3, '2014-07-17 07:09:00'),
(1856, 3, '2014-07-17 17:12:00'),
(1857, 3, '2014-07-18 07:15:00'),
(1858, 3, '2014-07-18 17:10:00'),
(1859, 3, '2014-07-15 07:18:00'),
(1860, 3, '2014-07-15 17:20:00'),
(1861, 3, '2014-07-20 07:16:00'),
(1862, 3, '2014-07-20 17:19:00'),
(1863, 3, '2014-07-21 07:13:00'),
(1864, 3, '2014-07-21 17:12:00'),
(1865, 3, '2014-07-22 07:15:00'),
(1866, 3, '2014-07-22 17:10:00'),
(1867, 3, '2014-07-23 07:18:00'),
(1868, 3, '2014-07-23 17:20:00'),
(1869, 3, '2014-07-24 07:16:00'),
(1870, 3, '2014-07-24 17:19:00'),
(1871, 3, '2014-07-25 07:09:00'),
(1872, 3, '2014-07-25 17:12:00'),
(1873, 3, '2014-07-26 07:15:00'),
(1874, 3, '2014-07-26 17:10:00'),
(1875, 3, '2014-07-27 07:18:00'),
(1876, 3, '2014-07-27 17:20:00'),
(1877, 3, '2014-07-28 07:16:00'),
(1878, 3, '2014-07-28 17:19:00'),
(1879, 3, '2014-07-29 07:13:00'),
(1880, 3, '2014-07-29 17:09:00'),
(1881, 3, '2014-07-30 07:12:00'),
(1882, 3, '2014-07-30 17:15:00'),
(1883, 3, '2014-07-31 07:10:00'),
(1884, 3, '2014-07-31 17:18:00'),
(1885, 3, '2014-08-01 07:20:00'),
(1886, 3, '2014-08-01 17:16:00'),
(1887, 3, '2014-08-02 07:19:00'),
(1888, 3, '2014-08-02 17:13:00'),
(1889, 3, '2014-08-03 07:12:00'),
(1890, 3, '2014-08-03 17:15:00'),
(1891, 3, '2014-08-04 07:10:00'),
(1892, 3, '2014-08-04 17:18:00'),
(1893, 3, '2014-08-05 07:20:00'),
(1894, 3, '2014-08-05 17:16:00'),
(1895, 3, '2014-08-06 07:19:00'),
(1896, 3, '2014-08-06 17:13:00'),
(1897, 3, '2014-08-07 07:09:00'),
(1898, 3, '2014-08-07 17:12:00'),
(1899, 3, '2014-08-08 07:18:00'),
(1900, 3, '2014-08-08 17:20:00'),
(1901, 3, '2014-08-09 07:15:00'),
(1902, 3, '2014-08-09 17:10:00'),
(1903, 3, '2014-08-10 07:18:00'),
(1904, 3, '2014-08-10 17:20:00'),
(1905, 3, '2014-08-11 07:16:00'),
(1906, 3, '2014-08-11 17:10:00'),
(1907, 3, '2014-08-12 07:18:00'),
(1908, 3, '2014-08-12 17:20:00'),
(1909, 3, '2014-08-13 07:16:00'),
(1910, 3, '2014-08-13 17:19:00'),
(1911, 3, '2014-08-14 07:13:00'),
(1912, 3, '2014-08-14 17:09:00'),
(1913, 3, '2014-08-15 07:12:00'),
(1914, 3, '2014-08-15 17:15:00'),
(1915, 3, '2014-08-16 07:10:00'),
(1916, 3, '2014-08-16 17:18:00'),
(1917, 3, '2014-08-17 07:20:00'),
(1918, 3, '2014-08-17 17:16:00'),
(1919, 3, '2014-08-18 07:19:00'),
(1920, 3, '2014-08-18 17:13:00'),
(1921, 3, '2014-08-15 07:12:00'),
(1922, 3, '2014-08-15 17:15:00'),
(1923, 3, '2014-08-20 07:10:00'),
(1924, 3, '2014-08-20 17:18:00'),
(1925, 3, '2014-08-21 07:20:00'),
(1926, 3, '2014-08-21 17:16:00'),
(1927, 3, '2014-08-22 07:19:00'),
(1928, 3, '2014-08-22 17:13:00'),
(1929, 3, '2014-08-23 07:09:00'),
(1930, 3, '2014-08-23 17:12:00'),
(1931, 3, '2014-08-24 07:18:00'),
(1932, 3, '2014-08-24 17:20:00'),
(1933, 3, '2014-08-25 07:16:00'),
(1934, 3, '2014-08-25 17:19:00'),
(1935, 3, '2014-08-26 07:16:00'),
(1936, 3, '2014-08-26 17:19:00'),
(1937, 3, '2014-08-27 07:09:00'),
(1938, 3, '2014-08-27 17:12:00'),
(1939, 3, '2014-08-28 07:15:00'),
(1940, 3, '2014-08-28 17:10:00'),
(1941, 3, '2014-08-29 07:18:00'),
(1942, 3, '2014-08-29 17:20:00'),
(1943, 3, '2014-08-30 07:16:00'),
(1944, 3, '2014-08-30 17:19:00'),
(1945, 3, '2014-08-31 07:13:00'),
(1946, 3, '2014-08-31 17:09:00'),
(1947, 3, '2014-09-01 07:12:00'),
(1948, 3, '2014-09-01 17:15:00'),
(1949, 3, '2014-09-02 07:10:00'),
(1950, 3, '2014-09-02 17:18:00'),
(1951, 3, '2014-09-03 07:20:00'),
(1952, 3, '2014-09-03 17:16:00'),
(1953, 3, '2014-09-04 07:19:00'),
(1954, 3, '2014-09-04 17:13:00'),
(1955, 3, '2014-09-05 07:12:00'),
(1956, 3, '2014-09-05 17:15:00'),
(1957, 3, '2014-09-06 07:10:00'),
(1958, 3, '2014-09-06 17:18:00'),
(1959, 3, '2014-09-07 07:20:00'),
(1960, 3, '2014-09-07 17:10:00'),
(1961, 3, '2014-09-08 07:18:00'),
(1962, 3, '2014-09-08 17:20:00'),
(1963, 3, '2014-09-09 07:16:00'),
(1964, 3, '2014-09-09 17:19:00'),
(1965, 3, '2014-09-10 07:13:00'),
(1966, 3, '2014-09-10 17:09:00'),
(1967, 3, '2014-09-11 07:12:00'),
(1968, 3, '2014-09-11 17:15:00'),
(1969, 3, '2014-09-12 07:10:00'),
(1970, 3, '2014-09-12 17:18:00'),
(1971, 3, '2014-09-13 07:20:00'),
(1972, 3, '2014-09-13 17:16:00'),
(1973, 3, '2014-09-14 07:19:00'),
(1974, 3, '2014-09-14 17:13:00'),
(1975, 3, '2014-09-15 07:12:00'),
(1976, 3, '2014-09-15 17:15:00'),
(1977, 3, '2014-09-16 07:10:00'),
(1978, 3, '2014-09-16 17:18:00'),
(1979, 3, '2014-09-17 07:20:00'),
(1980, 3, '2014-09-17 17:16:00'),
(1981, 3, '2014-09-18 07:19:00'),
(1982, 3, '2014-09-18 17:13:00'),
(1983, 3, '2014-09-15 07:09:00'),
(1984, 3, '2014-09-15 17:12:00'),
(1985, 3, '2014-09-20 07:18:00'),
(1986, 3, '2014-09-20 17:20:00'),
(1987, 3, '2014-09-21 07:15:00'),
(1988, 3, '2014-09-21 17:10:00'),
(1989, 3, '2014-09-22 07:18:00'),
(1990, 3, '2014-09-22 17:20:00'),
(1991, 3, '2014-09-23 07:16:00'),
(1992, 3, '2014-09-23 17:19:00'),
(1993, 3, '2014-09-24 07:13:00'),
(1994, 3, '2014-09-24 17:09:00'),
(1995, 3, '2014-09-25 07:12:00'),
(1996, 3, '2014-09-25 17:15:00'),
(1997, 3, '2014-09-26 07:10:00'),
(1998, 3, '2014-09-26 17:18:00'),
(1999, 3, '2014-09-27 07:20:00'),
(2000, 3, '2014-09-27 17:16:00'),
(2001, 3, '2014-09-28 07:19:00'),
(2002, 3, '2014-09-28 17:13:00'),
(2003, 3, '2014-09-29 07:12:00'),
(2004, 3, '2014-09-29 17:15:00'),
(2005, 3, '2014-09-30 07:10:00'),
(2006, 3, '2014-09-30 17:18:00'),
(2007, 3, '2014-10-01 07:20:00'),
(2008, 3, '2014-10-01 17:16:00'),
(2009, 3, '2014-10-02 07:19:00'),
(2010, 3, '2014-10-02 17:13:00'),
(2011, 3, '2014-10-03 07:09:00'),
(2012, 3, '2014-10-03 17:12:00'),
(2013, 3, '2014-10-04 07:18:00'),
(2014, 3, '2014-10-04 17:20:00'),
(2015, 3, '2014-10-05 07:12:00'),
(2016, 3, '2014-10-05 17:15:00'),
(2017, 3, '2014-10-06 07:10:00'),
(2018, 3, '2014-10-06 17:18:00'),
(2019, 3, '2014-10-07 07:20:00'),
(2020, 3, '2014-10-07 17:16:00'),
(2021, 3, '2014-10-08 07:19:00'),
(2022, 3, '2014-10-08 17:13:00'),
(2023, 3, '2014-10-09 07:09:00'),
(2024, 3, '2014-10-09 17:12:00'),
(2025, 3, '2014-10-10 07:18:00'),
(2026, 3, '2014-10-10 17:20:00'),
(2027, 3, '2014-10-11 07:16:00'),
(2028, 3, '2014-10-11 17:19:00'),
(2029, 3, '2014-10-12 07:13:00'),
(2030, 3, '2014-10-12 17:09:00'),
(2031, 3, '2014-10-13 07:12:00'),
(2032, 3, '2014-10-13 17:15:00'),
(2033, 3, '2014-10-14 07:10:00'),
(2034, 3, '2014-10-14 17:18:00'),
(2035, 3, '2014-10-15 07:20:00'),
(2036, 3, '2014-10-15 17:16:00'),
(2037, 3, '2014-10-16 07:19:00'),
(2038, 3, '2014-10-16 17:13:00'),
(2039, 3, '2014-10-17 07:12:00'),
(2040, 3, '2014-10-17 17:15:00'),
(2041, 3, '2014-10-18 07:10:00'),
(2042, 3, '2014-10-18 17:18:00'),
(2043, 3, '2014-10-15 07:20:00'),
(2044, 3, '2014-10-15 17:16:00'),
(2045, 3, '2014-10-20 07:19:00'),
(2046, 3, '2014-10-20 17:09:00'),
(2047, 3, '2014-10-21 07:12:00'),
(2048, 3, '2014-10-21 17:15:00'),
(2049, 3, '2014-10-22 07:10:00'),
(2050, 3, '2014-10-22 17:18:00'),
(2051, 3, '2014-10-23 07:20:00'),
(2052, 3, '2014-10-23 17:16:00'),
(2053, 3, '2014-10-24 07:19:00'),
(2054, 3, '2014-10-24 17:13:00'),
(2055, 3, '2014-10-25 07:09:00'),
(2056, 3, '2014-10-25 17:12:00'),
(2057, 3, '2014-10-26 07:15:00'),
(2058, 3, '2014-10-26 17:10:00'),
(2059, 3, '2014-10-27 07:18:00'),
(2060, 3, '2014-10-27 17:20:00'),
(2061, 3, '2014-10-28 07:16:00'),
(2062, 3, '2014-10-28 17:19:00'),
(2063, 3, '2014-10-29 07:13:00'),
(2064, 3, '2014-10-29 17:12:00'),
(2065, 3, '2014-10-30 07:15:00'),
(2066, 3, '2014-10-30 17:10:00'),
(2067, 3, '2014-10-31 07:18:00'),
(2068, 3, '2014-10-31 17:20:00'),
(2069, 3, '2014-11-01 07:16:00'),
(2070, 3, '2014-11-01 17:19:00'),
(2071, 3, '2014-11-02 07:13:00'),
(2072, 3, '2014-11-02 17:09:00'),
(2073, 3, '2014-11-03 07:12:00'),
(2074, 3, '2014-11-03 17:18:00'),
(2075, 3, '2014-11-04 07:20:00'),
(2076, 3, '2014-11-04 17:15:00'),
(2077, 3, '2014-11-05 07:10:00'),
(2078, 3, '2014-11-05 17:18:00'),
(2079, 3, '2014-11-06 07:20:00'),
(2080, 3, '2014-11-06 17:16:00'),
(2081, 3, '2014-11-07 07:10:00'),
(2082, 3, '2014-11-07 17:18:00'),
(2083, 3, '2014-11-08 07:20:00'),
(2084, 3, '2014-11-08 17:16:00'),
(2085, 3, '2014-11-09 07:19:00'),
(2086, 3, '2014-11-09 17:13:00'),
(2087, 3, '2014-11-10 07:09:00'),
(2088, 3, '2014-11-10 17:12:00'),
(2089, 3, '2014-11-11 07:15:00'),
(2090, 3, '2014-11-11 17:10:00'),
(2091, 3, '2014-11-12 07:18:00'),
(2092, 3, '2014-11-12 17:20:00'),
(2093, 3, '2014-11-13 07:16:00'),
(2094, 3, '2014-11-13 17:19:00'),
(2095, 3, '2014-11-14 07:13:00'),
(2096, 3, '2014-11-14 17:12:00'),
(2097, 3, '2014-11-15 07:15:00'),
(2098, 3, '2014-11-15 17:10:00'),
(2099, 3, '2014-11-16 07:18:00'),
(2100, 3, '2014-11-16 17:20:00'),
(2101, 3, '2014-11-17 07:16:00'),
(2102, 3, '2014-11-17 17:19:00'),
(2103, 3, '2014-11-18 07:13:00'),
(2104, 3, '2014-11-18 17:09:00'),
(2105, 3, '2014-11-15 07:12:00'),
(2106, 3, '2014-11-15 17:18:00'),
(2107, 3, '2014-11-20 07:20:00'),
(2108, 3, '2014-11-20 17:16:00'),
(2109, 3, '2014-11-21 07:19:00'),
(2110, 3, '2014-11-21 17:13:00'),
(2111, 3, '2014-11-22 07:09:00'),
(2112, 3, '2014-11-22 17:12:00'),
(2113, 3, '2014-11-23 07:15:00'),
(2114, 3, '2014-11-23 17:10:00'),
(2115, 3, '2014-11-24 07:18:00'),
(2116, 3, '2014-11-24 17:20:00'),
(2117, 3, '2014-11-25 07:16:00'),
(2118, 3, '2014-11-25 17:19:00'),
(2119, 3, '2014-11-26 07:13:00'),
(2120, 3, '2014-11-26 17:12:00'),
(2121, 3, '2014-11-27 07:15:00'),
(2122, 3, '2014-11-27 17:10:00'),
(2123, 3, '2014-11-28 07:18:00'),
(2124, 3, '2014-11-28 17:20:00'),
(2125, 3, '2014-11-29 07:16:00'),
(2126, 3, '2014-11-29 17:19:00'),
(2127, 3, '2014-11-30 07:09:00'),
(2128, 3, '2014-11-30 17:12:00'),
(2129, 3, '2014-12-01 07:15:00'),
(2130, 3, '2014-12-01 17:10:00'),
(2131, 3, '2014-12-02 07:18:00'),
(2132, 3, '2014-12-02 17:20:00'),
(2133, 3, '2014-12-03 07:16:00'),
(2134, 3, '2014-12-03 17:19:00'),
(2135, 3, '2014-12-04 07:13:00'),
(2136, 3, '2014-12-04 17:09:00'),
(2137, 3, '2014-12-05 07:12:00'),
(2138, 3, '2014-12-05 17:15:00'),
(2139, 3, '2014-12-06 07:10:00'),
(2140, 3, '2014-12-06 17:18:00'),
(2141, 3, '2014-12-07 07:20:00'),
(2142, 3, '2014-12-07 17:16:00'),
(2143, 3, '2014-12-08 07:19:00'),
(2144, 3, '2014-12-08 17:13:00'),
(2145, 3, '2014-12-09 07:12:00'),
(2146, 3, '2014-12-09 17:15:00'),
(2147, 3, '2014-12-10 07:10:00'),
(2148, 3, '2014-12-10 17:18:00'),
(2149, 3, '2014-12-11 07:20:00'),
(2150, 3, '2014-12-11 17:16:00'),
(2151, 3, '2014-12-12 07:19:00'),
(2152, 3, '2014-12-12 17:13:00'),
(2153, 3, '2014-12-13 07:09:00'),
(2154, 3, '2014-12-13 17:12:00'),
(2155, 3, '2014-12-14 07:18:00'),
(2156, 3, '2014-12-14 17:20:00'),
(2157, 3, '2014-12-15 07:15:00'),
(2158, 3, '2014-12-15 17:10:00'),
(2159, 3, '2014-12-16 07:18:00'),
(2160, 3, '2014-12-16 17:20:00'),
(2161, 3, '2014-12-17 07:16:00'),
(2162, 3, '2014-12-17 17:19:00'),
(2163, 3, '2014-12-18 07:13:00'),
(2164, 3, '2014-12-18 17:09:00'),
(2165, 3, '2014-12-15 07:12:00'),
(2166, 3, '2014-12-15 17:15:00'),
(2167, 3, '2014-12-20 07:10:00'),
(2168, 3, '2014-12-20 17:18:00'),
(2169, 3, '2014-12-21 07:20:00'),
(2170, 3, '2014-12-21 17:16:00'),
(2171, 3, '2014-12-22 07:19:00'),
(2172, 3, '2014-12-22 17:13:00'),
(2173, 3, '2014-12-23 07:12:00'),
(2174, 3, '2014-12-23 17:15:00'),
(2175, 3, '2014-12-24 07:10:00'),
(2176, 3, '2014-12-24 17:18:00'),
(2177, 3, '2014-12-25 07:20:00'),
(2178, 3, '2014-12-25 17:16:00'),
(2179, 3, '2014-12-26 07:19:00'),
(2180, 3, '2014-12-26 17:13:00'),
(2181, 3, '2014-12-27 07:09:00'),
(2182, 3, '2014-12-27 17:12:00'),
(2183, 3, '2014-12-28 07:18:00'),
(2184, 3, '2014-12-28 17:20:00'),
(2185, 3, '2014-12-29 07:12:00'),
(2186, 3, '2014-12-29 17:15:00'),
(2187, 3, '2014-12-30 07:10:00'),
(2188, 3, '2014-12-30 17:18:00'),
(2189, 3, '2014-12-31 07:20:00'),
(2190, 3, '2014-12-31 17:16:00'),
(2191, 4, '2014-01-01 07:12:00'),
(2192, 4, '2014-01-01 17:22:00'),
(2193, 4, '2014-01-02 07:28:00'),
(2194, 4, '2014-01-02 17:19:00'),
(2195, 4, '2014-01-03 07:29:00'),
(2196, 4, '2014-01-03 17:26:00'),
(2197, 4, '2014-01-04 07:20:00'),
(2198, 4, '2014-01-04 17:26:00'),
(2199, 4, '2014-01-05 07:16:00'),
(2200, 4, '2014-01-05 17:19:00'),
(2201, 4, '2014-01-06 07:25:00'),
(2202, 4, '2014-01-06 17:23:00'),
(2203, 4, '2014-01-07 07:22:00'),
(2204, 4, '2014-01-07 17:19:00'),
(2205, 4, '2014-01-08 07:25:00'),
(2206, 4, '2014-01-08 17:23:00'),
(2207, 4, '2014-01-09 07:22:00'),
(2208, 4, '2014-01-09 17:23:00'),
(2209, 4, '2014-01-10 07:25:00'),
(2210, 4, '2014-01-10 17:23:00'),
(2211, 4, '2014-01-11 07:22:00'),
(2212, 4, '2014-01-11 17:23:00'),
(2213, 4, '2014-01-12 07:22:00'),
(2214, 4, '2014-01-12 17:20:00'),
(2215, 4, '2014-01-13 07:26:00'),
(2216, 4, '2014-01-13 17:16:00'),
(2217, 4, '2014-01-14 07:19:00'),
(2218, 4, '2014-01-14 17:25:00'),
(2219, 4, '2014-01-15 07:26:00'),
(2220, 4, '2014-01-15 17:32:00'),
(2221, 4, '2014-01-16 07:22:00'),
(2222, 4, '2014-01-16 17:23:00'),
(2223, 4, '2014-01-17 07:20:00'),
(2224, 4, '2014-01-17 17:12:00'),
(2225, 4, '2014-01-18 07:22:00'),
(2226, 4, '2014-01-18 17:28:00'),
(2227, 4, '2014-01-15 07:19:00'),
(2228, 4, '2014-01-15 17:29:00'),
(2229, 4, '2014-01-20 07:26:00'),
(2230, 4, '2014-01-20 17:18:00'),
(2231, 4, '2014-01-21 07:23:00'),
(2232, 4, '2014-01-21 17:23:00'),
(2233, 4, '2014-01-22 07:25:00'),
(2234, 4, '2014-01-22 17:22:00'),
(2235, 4, '2014-01-23 07:13:00'),
(2236, 4, '2014-01-23 17:28:00'),
(2237, 4, '2014-01-24 07:33:00'),
(2238, 4, '2014-01-24 17:25:00'),
(2239, 4, '2014-01-25 07:22:00'),
(2240, 4, '2014-01-25 17:19:00'),
(2241, 4, '2014-01-26 07:25:00'),
(2242, 4, '2014-01-26 17:23:00'),
(2243, 4, '2014-01-27 07:22:00'),
(2244, 4, '2014-01-27 17:23:00'),
(2245, 4, '2014-01-28 07:22:00'),
(2246, 4, '2014-01-28 17:20:00'),
(2247, 4, '2014-01-29 07:26:00'),
(2248, 4, '2014-01-29 17:16:00'),
(2249, 4, '2014-01-30 07:19:00'),
(2250, 4, '2014-01-30 17:25:00'),
(2251, 4, '2014-01-31 07:23:00'),
(2252, 4, '2014-01-31 17:22:00'),
(2253, 4, '2014-02-01 07:23:00'),
(2254, 4, '2014-02-01 17:25:00'),
(2255, 4, '2014-02-02 07:23:00'),
(2256, 4, '2014-02-02 17:22:00'),
(2257, 4, '2014-02-03 07:23:00'),
(2258, 4, '2014-02-03 17:25:00'),
(2259, 4, '2014-02-04 07:23:00'),
(2260, 4, '2014-02-04 17:22:00'),
(2261, 4, '2014-02-05 07:23:00'),
(2262, 4, '2014-02-05 17:22:00'),
(2263, 4, '2014-02-06 07:20:00'),
(2264, 4, '2014-02-06 17:29:00'),
(2265, 4, '2014-02-07 07:26:00'),
(2266, 4, '2014-02-07 17:18:00'),
(2267, 4, '2014-02-08 07:23:00'),
(2268, 4, '2014-02-08 17:23:00'),
(2269, 4, '2014-02-09 07:22:00'),
(2270, 4, '2014-02-09 17:19:00'),
(2271, 4, '2014-02-10 07:18:00'),
(2272, 4, '2014-02-10 17:20:00'),
(2273, 4, '2014-02-11 07:31:00'),
(2274, 4, '2014-02-11 17:29:00'),
(2275, 4, '2014-02-12 07:28:00'),
(2276, 4, '2014-02-12 17:25:00'),
(2277, 4, '2014-02-13 07:15:00'),
(2278, 4, '2014-02-13 17:16:00'),
(2279, 4, '2014-02-14 07:22:00'),
(2280, 4, '2014-02-14 17:13:00'),
(2281, 4, '2014-02-15 07:28:00'),
(2282, 4, '2014-02-15 17:33:00'),
(2283, 4, '2014-02-16 07:25:00'),
(2284, 4, '2014-02-16 17:31:00'),
(2285, 4, '2014-02-17 07:15:00'),
(2286, 4, '2014-02-17 17:16:00'),
(2287, 4, '2014-02-18 07:22:00'),
(2288, 4, '2014-02-18 17:13:00'),
(2289, 4, '2014-02-15 07:28:00'),
(2290, 4, '2014-02-15 17:33:00'),
(2291, 4, '2014-02-20 07:25:00'),
(2292, 4, '2014-02-20 17:31:00'),
(2293, 4, '2014-02-21 07:19:00'),
(2294, 4, '2014-02-21 17:10:00'),
(2295, 4, '2014-02-22 07:16:00'),
(2296, 4, '2014-02-22 17:25:00'),
(2297, 4, '2014-02-23 07:23:00'),
(2298, 4, '2014-02-23 17:22:00'),
(2299, 4, '2014-02-24 07:28:00'),
(2300, 4, '2014-02-24 17:19:00'),
(2301, 4, '2014-02-25 07:29:00'),
(2302, 4, '2014-02-25 17:26:00'),
(2303, 4, '2014-02-26 07:20:00'),
(2304, 4, '2014-02-26 17:26:00'),
(2305, 4, '2014-02-27 07:16:00'),
(2306, 4, '2014-02-27 17:19:00'),
(2307, 4, '2014-02-28 07:25:00'),
(2308, 4, '2014-02-28 17:26:00'),
(2309, 4, '2014-03-01 07:32:00'),
(2310, 4, '2014-03-01 17:22:00'),
(2311, 4, '2014-03-02 07:20:00'),
(2312, 4, '2014-03-02 17:18:00'),
(2313, 4, '2014-03-03 07:19:00'),
(2314, 4, '2014-03-03 17:25:00'),
(2315, 4, '2014-03-04 07:22:00'),
(2316, 4, '2014-03-04 17:13:00'),
(2317, 4, '2014-03-05 07:28:00'),
(2318, 4, '2014-03-05 17:33:00'),
(2319, 4, '2014-03-06 07:25:00'),
(2320, 4, '2014-03-06 17:31:00'),
(2321, 4, '2014-03-07 07:19:00'),
(2322, 4, '2014-03-07 17:13:00'),
(2323, 4, '2014-03-08 07:19:00'),
(2324, 4, '2014-03-08 17:18:00'),
(2325, 4, '2014-03-09 07:20:00'),
(2326, 4, '2014-03-09 17:31:00'),
(2327, 4, '2014-03-10 07:29:00'),
(2328, 4, '2014-03-10 17:28:00'),
(2329, 4, '2014-03-11 07:20:00'),
(2330, 4, '2014-03-11 17:18:00'),
(2331, 4, '2014-03-12 07:19:00'),
(2332, 4, '2014-03-12 17:18:00'),
(2333, 4, '2014-03-13 07:20:00'),
(2334, 4, '2014-03-13 17:31:00'),
(2335, 4, '2014-03-14 07:29:00'),
(2336, 4, '2014-03-14 17:28:00'),
(2337, 4, '2014-03-15 07:25:00'),
(2338, 4, '2014-03-15 17:15:00'),
(2339, 4, '2014-03-16 07:13:00'),
(2340, 4, '2014-03-16 17:19:00'),
(2341, 4, '2014-03-17 07:20:00'),
(2342, 4, '2014-03-17 17:31:00'),
(2343, 4, '2014-03-18 07:25:00'),
(2344, 4, '2014-03-18 17:23:00'),
(2345, 4, '2014-03-15 07:22:00'),
(2346, 4, '2014-03-15 17:23:00'),
(2347, 4, '2014-03-20 07:25:00'),
(2348, 4, '2014-03-20 17:23:00'),
(2349, 4, '2014-03-21 07:22:00'),
(2350, 4, '2014-03-21 17:23:00'),
(2351, 4, '2014-03-22 07:22:00'),
(2352, 4, '2014-03-22 17:20:00'),
(2353, 4, '2014-03-23 07:29:00'),
(2354, 4, '2014-03-23 17:26:00'),
(2355, 4, '2014-03-24 07:18:00'),
(2356, 4, '2014-03-24 17:23:00'),
(2357, 4, '2014-03-25 07:23:00'),
(2358, 4, '2014-03-25 17:22:00'),
(2359, 4, '2014-03-26 07:19:00'),
(2360, 4, '2014-03-26 17:18:00'),
(2361, 4, '2014-03-27 07:20:00'),
(2362, 4, '2014-03-27 17:31:00'),
(2363, 4, '2014-03-28 07:29:00'),
(2364, 4, '2014-03-28 17:19:00'),
(2365, 4, '2014-03-29 07:19:00'),
(2366, 4, '2014-03-29 17:25:00'),
(2367, 4, '2014-03-30 07:23:00'),
(2368, 4, '2014-03-30 17:22:00'),
(2369, 4, '2014-03-31 07:23:00'),
(2370, 4, '2014-03-31 17:22:00'),
(2371, 4, '2014-04-01 07:20:00'),
(2372, 4, '2014-04-01 17:26:00'),
(2373, 4, '2014-04-02 07:16:00'),
(2374, 4, '2014-04-02 17:19:00'),
(2375, 4, '2014-04-03 07:25:00'),
(2376, 4, '2014-04-03 17:23:00'),
(2377, 4, '2014-04-04 07:22:00'),
(2378, 4, '2014-04-04 17:23:00'),
(2379, 4, '2014-04-05 07:25:00'),
(2380, 4, '2014-04-05 17:23:00'),
(2381, 4, '2014-04-06 07:22:00'),
(2382, 4, '2014-04-06 17:23:00'),
(2383, 4, '2014-04-07 07:25:00'),
(2384, 4, '2014-04-07 17:23:00'),
(2385, 4, '2014-04-08 07:22:00'),
(2386, 4, '2014-04-08 17:23:00'),
(2387, 4, '2014-04-09 07:22:00'),
(2388, 4, '2014-04-09 17:20:00'),
(2389, 4, '2014-04-10 07:29:00'),
(2390, 4, '2014-04-10 17:26:00'),
(2391, 4, '2014-04-11 07:18:00'),
(2392, 4, '2014-04-11 17:23:00'),
(2393, 4, '2014-04-12 07:23:00'),
(2394, 4, '2014-04-12 17:22:00'),
(2395, 4, '2014-04-13 07:20:00'),
(2396, 4, '2014-04-13 17:26:00'),
(2397, 4, '2014-04-14 07:16:00'),
(2398, 4, '2014-04-14 17:19:00'),
(2399, 4, '2014-04-15 07:25:00'),
(2400, 4, '2014-04-15 17:23:00'),
(2401, 4, '2014-04-16 07:22:00'),
(2402, 4, '2014-04-16 17:23:00'),
(2403, 4, '2014-04-17 07:25:00'),
(2404, 4, '2014-04-17 17:23:00'),
(2405, 4, '2014-04-18 07:22:00'),
(2406, 4, '2014-04-18 17:23:00'),
(2407, 4, '2014-04-15 07:25:00'),
(2408, 4, '2014-04-15 17:23:00'),
(2409, 4, '2014-04-20 07:22:00'),
(2410, 4, '2014-04-20 17:19:00'),
(2411, 4, '2014-04-21 07:25:00'),
(2412, 4, '2014-04-21 17:23:00'),
(2413, 4, '2014-04-22 07:22:00'),
(2414, 4, '2014-04-22 17:19:00'),
(2415, 4, '2014-04-23 07:25:00'),
(2416, 4, '2014-04-23 17:23:00'),
(2417, 4, '2014-04-24 07:22:00'),
(2418, 4, '2014-04-24 17:23:00'),
(2419, 4, '2014-04-25 07:22:00'),
(2420, 4, '2014-04-25 17:20:00'),
(2421, 4, '2014-04-26 07:26:00'),
(2422, 4, '2014-04-26 17:16:00'),
(2423, 4, '2014-04-27 07:19:00'),
(2424, 4, '2014-04-27 17:25:00'),
(2425, 4, '2014-04-28 07:23:00'),
(2426, 4, '2014-04-28 17:22:00'),
(2427, 4, '2014-04-29 07:23:00'),
(2428, 4, '2014-04-29 17:25:00'),
(2429, 4, '2014-04-30 07:23:00'),
(2430, 4, '2014-04-30 17:22:00'),
(2431, 4, '2014-05-01 07:23:00'),
(2432, 4, '2014-05-01 17:25:00'),
(2433, 4, '2014-05-02 07:23:00'),
(2434, 4, '2014-05-02 17:22:00'),
(2435, 4, '2014-05-03 07:23:00'),
(2436, 4, '2014-05-03 17:22:00'),
(2437, 4, '2014-05-04 07:20:00'),
(2438, 4, '2014-05-04 17:29:00'),
(2439, 4, '2014-05-05 07:26:00'),
(2440, 4, '2014-05-05 17:16:00'),
(2441, 4, '2014-05-06 07:15:00'),
(2442, 4, '2014-05-06 17:28:00'),
(2443, 4, '2014-05-07 07:33:00'),
(2444, 4, '2014-05-07 17:23:00'),
(2445, 4, '2014-05-08 07:22:00'),
(2446, 4, '2014-05-08 17:23:00'),
(2447, 4, '2014-05-09 07:22:00'),
(2448, 4, '2014-05-09 17:20:00'),
(2449, 4, '2014-05-10 07:26:00'),
(2450, 4, '2014-05-10 17:16:00'),
(2451, 4, '2014-05-11 07:19:00'),
(2452, 4, '2014-05-11 17:25:00'),
(2453, 4, '2014-05-12 07:23:00'),
(2454, 4, '2014-05-12 17:22:00'),
(2455, 4, '2014-05-13 07:23:00'),
(2456, 4, '2014-05-13 17:25:00'),
(2457, 4, '2014-05-14 07:23:00'),
(2458, 4, '2014-05-14 17:22:00'),
(2459, 4, '2014-05-15 07:23:00'),
(2460, 4, '2014-05-15 17:25:00'),
(2461, 4, '2014-05-16 07:23:00'),
(2462, 4, '2014-05-16 17:22:00'),
(2463, 4, '2014-05-17 07:23:00'),
(2464, 4, '2014-05-17 17:22:00'),
(2465, 4, '2014-05-18 07:20:00'),
(2466, 4, '2014-05-18 17:29:00'),
(2467, 4, '2014-05-15 07:26:00'),
(2468, 4, '2014-05-15 17:13:00'),
(2469, 4, '2014-05-20 07:19:00'),
(2470, 4, '2014-05-20 17:20:00'),
(2471, 4, '2014-05-21 07:31:00'),
(2472, 4, '2014-05-21 17:25:00'),
(2473, 4, '2014-05-22 07:23:00'),
(2474, 4, '2014-05-22 17:22:00'),
(2475, 4, '2014-05-23 07:23:00'),
(2476, 4, '2014-05-23 17:22:00'),
(2477, 4, '2014-05-24 07:20:00'),
(2478, 4, '2014-05-24 17:29:00'),
(2479, 4, '2014-05-25 07:26:00'),
(2480, 4, '2014-05-25 17:18:00'),
(2481, 4, '2014-05-26 07:23:00'),
(2482, 4, '2014-05-26 17:23:00'),
(2483, 4, '2014-05-27 07:22:00'),
(2484, 4, '2014-05-27 17:20:00'),
(2485, 4, '2014-05-28 07:26:00'),
(2486, 4, '2014-05-28 17:16:00'),
(2487, 4, '2014-05-29 07:19:00'),
(2488, 4, '2014-05-29 17:25:00'),
(2489, 4, '2014-05-30 07:23:00'),
(2490, 4, '2014-05-30 17:12:00'),
(2491, 4, '2014-05-31 07:22:00'),
(2492, 4, '2014-05-31 17:28:00'),
(2493, 4, '2014-06-01 07:19:00'),
(2494, 4, '2014-06-01 17:29:00'),
(2495, 4, '2014-06-02 07:26:00'),
(2496, 4, '2014-06-02 17:20:00'),
(2497, 4, '2014-06-03 07:26:00'),
(2498, 4, '2014-06-03 17:16:00'),
(2499, 4, '2014-06-04 07:19:00'),
(2500, 4, '2014-06-04 17:25:00'),
(2501, 4, '2014-06-05 07:23:00'),
(2502, 4, '2014-06-05 17:22:00'),
(2503, 4, '2014-06-06 07:19:00'),
(2504, 4, '2014-06-06 17:25:00'),
(2505, 4, '2014-06-07 07:23:00'),
(2506, 4, '2014-06-07 17:22:00'),
(2507, 4, '2014-06-08 07:23:00'),
(2508, 4, '2014-06-08 17:25:00'),
(2509, 4, '2014-06-09 07:23:00'),
(2510, 4, '2014-06-09 17:22:00'),
(2511, 4, '2014-06-10 07:23:00'),
(2512, 4, '2014-06-10 17:22:00'),
(2513, 4, '2014-06-11 07:20:00'),
(2514, 4, '2014-06-11 17:26:00'),
(2515, 4, '2014-06-12 07:16:00'),
(2516, 4, '2014-06-12 17:19:00'),
(2517, 4, '2014-06-13 07:25:00'),
(2518, 4, '2014-06-13 17:26:00'),
(2519, 4, '2014-06-14 07:32:00'),
(2520, 4, '2014-06-14 17:22:00'),
(2521, 4, '2014-06-15 07:23:00'),
(2522, 4, '2014-06-15 17:20:00'),
(2523, 4, '2014-06-16 07:12:00'),
(2524, 4, '2014-06-16 17:22:00'),
(2525, 4, '2014-06-17 07:28:00'),
(2526, 4, '2014-06-17 17:19:00'),
(2527, 4, '2014-06-18 07:29:00'),
(2528, 4, '2014-06-18 17:26:00'),
(2529, 4, '2014-06-15 07:18:00'),
(2530, 4, '2014-06-15 17:23:00'),
(2531, 4, '2014-06-20 07:23:00'),
(2532, 4, '2014-06-20 17:25:00'),
(2533, 4, '2014-06-21 07:22:00'),
(2534, 4, '2014-06-21 17:13:00'),
(2535, 4, '2014-06-22 07:28:00'),
(2536, 4, '2014-06-22 17:33:00'),
(2537, 4, '2014-06-23 07:25:00'),
(2538, 4, '2014-06-23 17:22:00'),
(2539, 4, '2014-06-24 07:19:00'),
(2540, 4, '2014-06-24 17:25:00'),
(2541, 4, '2014-06-25 07:23:00'),
(2542, 4, '2014-06-25 17:22:00'),
(2543, 4, '2014-06-26 07:23:00'),
(2544, 4, '2014-06-26 17:22:00'),
(2545, 4, '2014-06-27 07:20:00'),
(2546, 4, '2014-06-27 17:26:00'),
(2547, 4, '2014-06-28 07:16:00'),
(2548, 4, '2014-06-28 17:15:00'),
(2549, 4, '2014-06-29 07:13:00'),
(2550, 4, '2014-06-29 17:19:00'),
(2551, 4, '2014-06-30 07:18:00'),
(2552, 4, '2014-06-30 17:20:00'),
(2553, 4, '2014-07-01 07:31:00'),
(2554, 4, '2014-07-01 17:29:00'),
(2555, 4, '2014-07-02 07:28:00'),
(2556, 4, '2014-07-02 17:25:00'),
(2557, 4, '2014-07-03 07:18:00'),
(2558, 4, '2014-07-03 17:19:00'),
(2559, 4, '2014-07-04 07:18:00'),
(2560, 4, '2014-07-04 17:20:00'),
(2561, 4, '2014-07-05 07:31:00'),
(2562, 4, '2014-07-05 17:29:00'),
(2563, 4, '2014-07-06 07:28:00'),
(2564, 4, '2014-07-06 17:25:00'),
(2565, 4, '2014-07-07 07:15:00'),
(2566, 4, '2014-07-07 17:13:00'),
(2567, 4, '2014-07-08 07:22:00'),
(2568, 4, '2014-07-08 17:31:00'),
(2569, 4, '2014-07-09 07:28:00'),
(2570, 4, '2014-07-09 17:15:00'),
(2571, 4, '2014-07-10 07:25:00'),
(2572, 4, '2014-07-10 17:23:00'),
(2573, 4, '2014-07-11 07:26:00'),
(2574, 4, '2014-07-11 17:32:00'),
(2575, 4, '2014-07-12 07:22:00'),
(2576, 4, '2014-07-12 17:20:00'),
(2577, 4, '2014-07-13 07:18:00'),
(2578, 4, '2014-07-13 17:16:00'),
(2579, 4, '2014-07-14 07:15:00'),
(2580, 4, '2014-07-14 17:28:00'),
(2581, 4, '2014-07-15 07:33:00'),
(2582, 4, '2014-07-15 17:25:00'),
(2583, 4, '2014-07-16 07:31:00'),
(2584, 4, '2014-07-16 17:19:00'),
(2585, 4, '2014-07-17 07:13:00'),
(2586, 4, '2014-07-17 17:19:00'),
(2587, 4, '2014-07-18 07:18:00'),
(2588, 4, '2014-07-18 17:20:00'),
(2589, 4, '2014-07-15 07:31:00'),
(2590, 4, '2014-07-15 17:29:00'),
(2591, 4, '2014-07-20 07:28:00'),
(2592, 4, '2014-07-20 17:25:00'),
(2593, 4, '2014-07-21 07:15:00'),
(2594, 4, '2014-07-21 17:16:00'),
(2595, 4, '2014-07-22 07:25:00'),
(2596, 4, '2014-07-22 17:23:00'),
(2597, 4, '2014-07-23 07:22:00'),
(2598, 4, '2014-07-23 17:28:00'),
(2599, 4, '2014-07-24 07:19:00'),
(2600, 4, '2014-07-24 17:29:00'),
(2601, 4, '2014-07-25 07:22:00'),
(2602, 4, '2014-07-25 17:20:00'),
(2603, 4, '2014-07-26 07:26:00'),
(2604, 4, '2014-07-26 17:16:00'),
(2605, 4, '2014-07-27 07:19:00'),
(2606, 4, '2014-07-27 17:25:00'),
(2607, 4, '2014-07-28 07:26:00'),
(2608, 4, '2014-07-28 17:32:00'),
(2609, 4, '2014-07-29 07:22:00'),
(2610, 4, '2014-07-29 17:20:00'),
(2611, 4, '2014-07-30 07:18:00'),
(2612, 4, '2014-07-30 17:16:00'),
(2613, 4, '2014-07-31 07:15:00'),
(2614, 4, '2014-07-31 17:25:00'),
(2615, 4, '2014-08-01 07:23:00'),
(2616, 4, '2014-08-01 17:26:00'),
(2617, 4, '2014-08-02 07:32:00'),
(2618, 4, '2014-08-02 17:22:00'),
(2619, 4, '2014-08-03 07:23:00'),
(2620, 4, '2014-08-03 17:20:00'),
(2621, 4, '2014-08-04 07:15:00'),
(2622, 4, '2014-08-04 17:25:00'),
(2623, 4, '2014-08-05 07:23:00'),
(2624, 4, '2014-08-05 17:26:00'),
(2625, 4, '2014-08-06 07:32:00'),
(2626, 4, '2014-08-06 17:22:00'),
(2627, 4, '2014-08-07 07:20:00'),
(2628, 4, '2014-08-07 17:13:00'),
(2629, 4, '2014-08-08 07:22:00'),
(2630, 4, '2014-08-08 17:28:00'),
(2631, 4, '2014-08-09 07:18:00'),
(2632, 4, '2014-08-09 17:20:00'),
(2633, 4, '2014-08-10 07:31:00'),
(2634, 4, '2014-08-10 17:29:00'),
(2635, 4, '2014-08-11 07:28:00'),
(2636, 4, '2014-08-11 17:16:00'),
(2637, 4, '2014-08-12 07:19:00'),
(2638, 4, '2014-08-12 17:25:00'),
(2639, 4, '2014-08-13 07:23:00'),
(2640, 4, '2014-08-13 17:22:00'),
(2641, 4, '2014-08-14 07:23:00'),
(2642, 4, '2014-08-14 17:22:00'),
(2643, 4, '2014-08-15 07:20:00'),
(2644, 4, '2014-08-15 17:26:00'),
(2645, 4, '2014-08-16 07:16:00'),
(2646, 4, '2014-08-16 17:22:00'),
(2647, 4, '2014-08-17 07:28:00'),
(2648, 4, '2014-08-17 17:19:00'),
(2649, 4, '2014-08-18 07:29:00'),
(2650, 4, '2014-08-18 17:26:00'),
(2651, 4, '2014-08-15 07:20:00'),
(2652, 4, '2014-08-15 17:26:00'),
(2653, 4, '2014-08-20 07:16:00'),
(2654, 4, '2014-08-20 17:19:00'),
(2655, 4, '2014-08-21 07:25:00'),
(2656, 4, '2014-08-21 17:26:00'),
(2657, 4, '2014-08-22 07:32:00'),
(2658, 4, '2014-08-22 17:20:00'),
(2659, 4, '2014-08-23 07:12:00'),
(2660, 4, '2014-08-23 17:22:00'),
(2661, 4, '2014-08-24 07:31:00'),
(2662, 4, '2014-08-24 17:29:00'),
(2663, 4, '2014-08-25 07:19:00'),
(2664, 4, '2014-08-25 17:29:00'),
(2665, 4, '2014-08-26 07:29:00'),
(2666, 4, '2014-08-26 17:28:00'),
(2667, 4, '2014-08-27 07:20:00'),
(2668, 4, '2014-08-27 17:18:00'),
(2669, 4, '2014-08-28 07:16:00'),
(2670, 4, '2014-08-28 17:15:00'),
(2671, 4, '2014-08-29 07:25:00'),
(2672, 4, '2014-08-29 17:23:00'),
(2673, 4, '2014-08-30 07:26:00'),
(2674, 4, '2014-08-30 17:32:00'),
(2675, 4, '2014-08-31 07:22:00'),
(2676, 4, '2014-08-31 17:20:00'),
(2677, 4, '2014-09-01 07:18:00'),
(2678, 4, '2014-09-01 17:19:00'),
(2679, 4, '2014-09-02 07:18:00'),
(2680, 4, '2014-09-02 17:20:00'),
(2681, 4, '2014-09-03 07:31:00'),
(2682, 4, '2014-09-03 17:29:00'),
(2683, 4, '2014-09-04 07:28:00'),
(2684, 4, '2014-09-04 17:25:00'),
(2685, 4, '2014-09-05 07:18:00'),
(2686, 4, '2014-09-05 17:16:00'),
(2687, 4, '2014-09-06 07:15:00'),
(2688, 4, '2014-09-06 17:28:00'),
(2689, 4, '2014-09-07 07:33:00'),
(2690, 4, '2014-09-07 17:19:00'),
(2691, 4, '2014-09-08 07:29:00'),
(2692, 4, '2014-09-08 17:26:00'),
(2693, 4, '2014-09-09 07:18:00'),
(2694, 4, '2014-09-09 17:23:00'),
(2695, 4, '2014-09-10 07:20:00'),
(2696, 4, '2014-09-10 17:12:00'),
(2697, 4, '2014-09-11 07:22:00'),
(2698, 4, '2014-09-11 17:28:00'),
(2699, 4, '2014-09-12 07:19:00'),
(2700, 4, '2014-09-12 17:29:00'),
(2701, 4, '2014-09-13 07:26:00'),
(2702, 4, '2014-09-13 17:20:00'),
(2703, 4, '2014-09-14 07:26:00'),
(2704, 4, '2014-09-14 17:16:00'),
(2705, 4, '2014-09-15 07:22:00'),
(2706, 4, '2014-09-15 17:28:00'),
(2707, 4, '2014-09-16 07:19:00'),
(2708, 4, '2014-09-16 17:29:00'),
(2709, 4, '2014-09-17 07:22:00'),
(2710, 4, '2014-09-17 17:20:00'),
(2711, 4, '2014-09-18 07:26:00'),
(2712, 4, '2014-09-18 17:16:00'),
(2713, 4, '2014-09-15 07:19:00'),
(2714, 4, '2014-09-15 17:25:00'),
(2715, 4, '2014-09-20 07:26:00'),
(2716, 4, '2014-09-20 17:32:00'),
(2717, 4, '2014-09-21 07:20:00'),
(2718, 4, '2014-09-21 17:12:00'),
(2719, 4, '2014-09-22 07:22:00'),
(2720, 4, '2014-09-22 17:28:00'),
(2721, 4, '2014-09-23 07:19:00'),
(2722, 4, '2014-09-23 17:29:00'),
(2723, 4, '2014-09-24 07:26:00'),
(2724, 4, '2014-09-24 17:18:00'),
(2725, 4, '2014-09-25 07:23:00'),
(2726, 4, '2014-09-25 17:20:00'),
(2727, 4, '2014-09-26 07:15:00'),
(2728, 4, '2014-09-26 17:25:00'),
(2729, 4, '2014-09-27 07:23:00'),
(2730, 4, '2014-09-27 17:26:00'),
(2731, 4, '2014-09-28 07:32:00'),
(2732, 4, '2014-09-28 17:22:00'),
(2733, 4, '2014-09-29 07:23:00'),
(2734, 4, '2014-09-29 17:20:00'),
(2735, 4, '2014-09-30 07:12:00'),
(2736, 4, '2014-09-30 17:22:00'),
(2737, 4, '2014-10-01 07:31:00'),
(2738, 4, '2014-10-01 17:29:00'),
(2739, 4, '2014-10-02 07:26:00'),
(2740, 4, '2014-10-02 17:16:00'),
(2741, 4, '2014-10-03 07:19:00'),
(2742, 4, '2014-10-03 17:25:00'),
(2743, 4, '2014-10-04 07:26:00'),
(2744, 4, '2014-10-04 17:32:00'),
(2745, 4, '2014-10-05 07:18:00'),
(2746, 4, '2014-10-05 17:16:00'),
(2747, 4, '2014-10-06 07:15:00'),
(2748, 4, '2014-10-06 17:25:00'),
(2749, 4, '2014-10-07 07:23:00'),
(2750, 4, '2014-10-07 17:26:00'),
(2751, 4, '2014-10-08 07:32:00'),
(2752, 4, '2014-10-08 17:22:00'),
(2753, 4, '2014-10-09 07:20:00'),
(2754, 4, '2014-10-09 17:18:00'),
(2755, 4, '2014-10-10 07:22:00'),
(2756, 4, '2014-10-10 17:28:00'),
(2757, 4, '2014-10-11 07:19:00'),
(2758, 4, '2014-10-11 17:29:00'),
(2759, 4, '2014-10-12 07:26:00'),
(2760, 4, '2014-10-12 17:18:00'),
(2761, 4, '2014-10-13 07:23:00'),
(2762, 4, '2014-10-13 17:20:00'),
(2763, 4, '2014-10-14 07:12:00'),
(2764, 4, '2014-10-14 17:22:00'),
(2765, 4, '2014-10-15 07:31:00'),
(2766, 4, '2014-10-15 17:29:00'),
(2767, 4, '2014-10-16 07:23:00'),
(2768, 4, '2014-10-16 17:20:00'),
(2769, 4, '2014-10-17 07:15:00'),
(2770, 4, '2014-10-17 17:25:00'),
(2771, 4, '2014-10-18 07:23:00'),
(2772, 4, '2014-10-18 17:26:00'),
(2773, 4, '2014-10-15 07:32:00'),
(2774, 4, '2014-10-15 17:22:00'),
(2775, 4, '2014-10-20 07:20:00'),
(2776, 4, '2014-10-20 17:13:00'),
(2777, 4, '2014-10-21 07:22:00'),
(2778, 4, '2014-10-21 17:28:00'),
(2779, 4, '2014-10-22 07:19:00'),
(2780, 4, '2014-10-22 17:29:00'),
(2781, 4, '2014-10-23 07:26:00'),
(2782, 4, '2014-10-23 17:18:00'),
(2783, 4, '2014-10-24 07:23:00'),
(2784, 4, '2014-10-24 17:20:00'),
(2785, 4, '2014-10-25 07:12:00'),
(2786, 4, '2014-10-25 17:22:00'),
(2787, 4, '2014-10-26 07:28:00'),
(2788, 4, '2014-10-26 17:19:00'),
(2789, 4, '2014-10-27 07:31:00'),
(2790, 4, '2014-10-27 17:29:00'),
(2791, 4, '2014-10-28 07:28:00'),
(2792, 4, '2014-10-28 17:25:00'),
(2793, 4, '2014-10-29 07:15:00'),
(2794, 4, '2014-10-29 17:16:00'),
(2795, 4, '2014-10-30 07:22:00'),
(2796, 4, '2014-10-30 17:13:00'),
(2797, 4, '2014-10-31 07:28:00'),
(2798, 4, '2014-10-31 17:33:00'),
(2799, 4, '2014-11-01 07:25:00'),
(2800, 4, '2014-11-01 17:31:00'),
(2801, 4, '2014-11-02 07:19:00'),
(2802, 4, '2014-11-02 17:13:00'),
(2803, 4, '2014-11-03 07:19:00'),
(2804, 4, '2014-11-03 17:20:00'),
(2805, 4, '2014-11-04 07:31:00'),
(2806, 4, '2014-11-04 17:28:00'),
(2807, 4, '2014-11-05 07:19:00'),
(2808, 4, '2014-11-05 17:29:00'),
(2809, 4, '2014-11-06 07:22:00'),
(2810, 4, '2014-11-06 17:20:00'),
(2811, 4, '2014-11-07 07:18:00'),
(2812, 4, '2014-11-07 17:20:00'),
(2813, 4, '2014-11-08 07:31:00'),
(2814, 4, '2014-11-08 17:29:00'),
(2815, 4, '2014-11-09 07:28:00'),
(2816, 4, '2014-11-09 17:25:00'),
(2817, 4, '2014-11-10 07:15:00'),
(2818, 4, '2014-11-10 17:13:00'),
(2819, 4, '2014-11-11 07:19:00'),
(2820, 4, '2014-11-11 17:18:00'),
(2821, 4, '2014-11-12 07:20:00'),
(2822, 4, '2014-11-12 17:31:00'),
(2823, 4, '2014-11-13 07:29:00'),
(2824, 4, '2014-11-13 17:28:00'),
(2825, 4, '2014-11-14 07:25:00'),
(2826, 4, '2014-11-14 17:18:00'),
(2827, 4, '2014-11-15 07:19:00'),
(2828, 4, '2014-11-15 17:18:00'),
(2829, 4, '2014-11-16 07:20:00'),
(2830, 4, '2014-11-16 17:31:00'),
(2831, 4, '2014-11-17 07:29:00'),
(2832, 4, '2014-11-17 17:28:00'),
(2833, 4, '2014-11-18 07:25:00'),
(2834, 4, '2014-11-18 17:15:00'),
(2835, 4, '2014-11-15 07:13:00'),
(2836, 4, '2014-11-15 17:22:00'),
(2837, 4, '2014-11-20 07:31:00'),
(2838, 4, '2014-11-20 17:29:00'),
(2839, 4, '2014-11-21 07:26:00'),
(2840, 4, '2014-11-21 17:16:00'),
(2841, 4, '2014-11-22 07:19:00'),
(2842, 4, '2014-11-22 17:25:00'),
(2843, 4, '2014-11-23 07:23:00'),
(2844, 4, '2014-11-23 17:22:00'),
(2845, 4, '2014-11-24 07:23:00'),
(2846, 4, '2014-11-24 17:22:00'),
(2847, 4, '2014-11-25 07:20:00'),
(2848, 4, '2014-11-25 17:26:00'),
(2849, 4, '2014-11-26 07:16:00'),
(2850, 4, '2014-11-26 17:22:00'),
(2851, 4, '2014-11-27 07:28:00'),
(2852, 4, '2014-11-27 17:19:00'),
(2853, 4, '2014-11-28 07:29:00'),
(2854, 4, '2014-11-28 17:26:00'),
(2855, 4, '2014-11-29 07:20:00'),
(2856, 4, '2014-11-29 17:26:00'),
(2857, 4, '2014-11-30 07:12:00'),
(2858, 4, '2014-11-30 17:22:00'),
(2859, 4, '2014-12-01 07:28:00'),
(2860, 4, '2014-12-01 17:19:00'),
(2861, 4, '2014-12-02 07:29:00'),
(2862, 4, '2014-12-02 17:26:00'),
(2863, 4, '2014-12-03 07:18:00'),
(2864, 4, '2014-12-03 17:23:00'),
(2865, 4, '2014-12-04 07:23:00'),
(2866, 4, '2014-12-04 17:22:00'),
(2867, 4, '2014-12-05 07:16:00'),
(2868, 4, '2014-12-05 17:22:00'),
(2869, 4, '2014-12-06 07:13:00'),
(2870, 4, '2014-12-06 17:28:00'),
(2871, 4, '2014-12-07 07:33:00'),
(2872, 4, '2014-12-07 17:25:00'),
(2873, 4, '2014-12-08 07:31:00'),
(2874, 4, '2014-12-08 17:19:00'),
(2875, 4, '2014-12-09 07:13:00'),
(2876, 4, '2014-12-09 17:19:00'),
(2877, 4, '2014-12-10 07:20:00'),
(2878, 4, '2014-12-10 17:31:00'),
(2879, 4, '2014-12-11 07:29:00'),
(2880, 4, '2014-12-11 17:28:00'),
(2881, 4, '2014-12-12 07:25:00'),
(2882, 4, '2014-12-12 17:15:00'),
(2883, 4, '2014-12-13 07:13:00'),
(2884, 4, '2014-12-13 17:19:00'),
(2885, 4, '2014-12-14 07:20:00'),
(2886, 4, '2014-12-14 17:31:00'),
(2887, 4, '2014-12-15 07:28:00'),
(2888, 4, '2014-12-15 17:19:00'),
(2889, 4, '2014-12-16 07:29:00'),
(2890, 4, '2014-12-16 17:26:00'),
(2891, 4, '2014-12-17 07:20:00'),
(2892, 4, '2014-12-17 17:26:00'),
(2893, 4, '2014-12-18 07:16:00'),
(2894, 4, '2014-12-18 17:19:00'),
(2895, 4, '2014-12-15 07:25:00'),
(2896, 4, '2014-12-15 17:23:00'),
(2897, 4, '2014-12-20 07:22:00'),
(2898, 4, '2014-12-20 17:19:00'),
(2899, 4, '2014-12-21 07:25:00'),
(2900, 4, '2014-12-21 17:23:00'),
(2901, 4, '2014-12-22 07:22:00'),
(2902, 4, '2014-12-22 17:23:00'),
(2903, 4, '2014-12-23 07:25:00'),
(2904, 4, '2014-12-23 17:23:00'),
(2905, 4, '2014-12-24 07:22:00'),
(2906, 4, '2014-12-24 17:23:00'),
(2907, 4, '2014-12-25 07:22:00'),
(2908, 4, '2014-12-25 17:20:00'),
(2909, 4, '2014-12-26 07:26:00'),
(2910, 4, '2014-12-26 17:16:00'),
(2911, 4, '2014-12-27 07:19:00'),
(2912, 4, '2014-12-27 17:25:00'),
(2913, 4, '2014-12-28 07:26:00'),
(2914, 4, '2014-12-28 17:32:00'),
(2915, 4, '2014-12-29 07:18:00'),
(2916, 4, '2014-12-29 17:19:00'),
(2917, 4, '2014-12-30 07:18:00'),
(2918, 4, '2014-12-30 17:20:00'),
(2919, 4, '2014-12-31 07:31:00'),
(2920, 4, '2014-12-31 17:29:00');

-- --------------------------------------------------------

--
-- Table structure for table `modul`
--

CREATE TABLE IF NOT EXISTS `modul` (
  `id_modul` int(5) NOT NULL AUTO_INCREMENT,
  `nama_modul` varchar(50) COLLATE latin1_general_ci NOT NULL,
  `link` varchar(100) COLLATE latin1_general_ci NOT NULL,
  `static_content` text COLLATE latin1_general_ci NOT NULL,
  `gambar` varchar(100) COLLATE latin1_general_ci NOT NULL,
  `publish` enum('Y','N') COLLATE latin1_general_ci NOT NULL DEFAULT 'Y',
  `status` enum('user','admin') COLLATE latin1_general_ci NOT NULL,
  `aktif` enum('Y','N') COLLATE latin1_general_ci NOT NULL DEFAULT 'Y',
  `urutan` int(5) NOT NULL,
  `link_seo` varchar(50) COLLATE latin1_general_ci NOT NULL,
  PRIMARY KEY (`id_modul`)
) ENGINE=MyISAM  DEFAULT CHARSET=latin1 COLLATE=latin1_general_ci AUTO_INCREMENT=60 ;

--
-- Dumping data for table `modul`
--

INSERT INTO `modul` (`id_modul`, `nama_modul`, `link`, `static_content`, `gambar`, `publish`, `status`, `aktif`, `urutan`, `link_seo`) VALUES
(2, 'Manajemen Pegawai', '?module=pegawai', '', '', 'N', 'user', 'Y', 1, ''),
(57, 'Rekap Absensi Harian', '?module=rekap_absen_harian', '', '', 'Y', 'user', 'Y', 6, 'semua-berita.html'),
(58, 'Rekap Absen Bulanan', '?module=rekap_absen_bulanan', '', '', 'Y', 'user', 'Y', 6, 'semua-berita.html');

-- --------------------------------------------------------

--
-- Table structure for table `pegawai`
--

CREATE TABLE IF NOT EXISTS `pegawai` (
  `id_pegawai` int(11) NOT NULL AUTO_INCREMENT,
  `nama_pegawai` varchar(100) NOT NULL,
  PRIMARY KEY (`id_pegawai`)
) ENGINE=InnoDB  DEFAULT CHARSET=latin1 AUTO_INCREMENT=5 ;

--
-- Dumping data for table `pegawai`
--

INSERT INTO `pegawai` (`id_pegawai`, `nama_pegawai`) VALUES
(1, 'Bambang Sutejo'),
(2, 'Tri Sutrisno'),
(3, 'Salman Farid'),
(4, 'Aris');

-- --------------------------------------------------------

--
-- Table structure for table `users`
--

CREATE TABLE IF NOT EXISTS `users` (
  `username` varchar(50) COLLATE latin1_general_ci NOT NULL,
  `password` varchar(50) COLLATE latin1_general_ci NOT NULL,
  `nama_lengkap` varchar(100) COLLATE latin1_general_ci NOT NULL,
  `email` varchar(100) COLLATE latin1_general_ci NOT NULL,
  `no_telp` varchar(20) COLLATE latin1_general_ci NOT NULL,
  `level` varchar(20) COLLATE latin1_general_ci NOT NULL DEFAULT 'user',
  `blokir` enum('Y','N') COLLATE latin1_general_ci NOT NULL DEFAULT 'N',
  `id_session` varchar(100) COLLATE latin1_general_ci NOT NULL,
  PRIMARY KEY (`username`)
) ENGINE=MyISAM DEFAULT CHARSET=latin1 COLLATE=latin1_general_ci;

--
-- Dumping data for table `users`
--

INSERT INTO `users` (`username`, `password`, `nama_lengkap`, `email`, `no_telp`, `level`, `blokir`, `id_session`) VALUES
('admin', '21232f297a57a5a743894a0e4a801fc3', 'Administrator', 'admin@detik.com', '08238923848', 'admin', 'N', 'lthttupbofvkhs2elbkbfn0pf7'),
('sinto ', '958f62f9f8b7f348d08943189fda3b15', 'Sinto Gendeng', 'sinto@detik.com', '09945849545', 'user', 'N', '958f62f9f8b7f348d08943189fda3b15'),
('joko', '4e5ad0dc4d478726661c8c2b3ea31777', 'Joko Sembung', 'joko@detik.com', '0895485045958', 'user', 'N', '4e5ad0dc4d478726661c8c2b3ea31777'),
('wiro', '7577bfe4fecd40c43e6140344d90ce0e', 'Wiro Sableng', 'wiro@detik.com', '038039403948', 'user', 'N', '3a4d7257c044c52007c75c370958a533'),
('wiros', 'dcdd932ea3418387ef2f06644303389e', 'wiryo', 'wiryo@sableng', '98797', 'user', 'N', '25005d71e4f9a670ebf111888a0916b2'),
('salman', '03346657feea0490a4d4f677faa0583d', 'salman farid', 'salman@yahoo.com', '021-7942544', 'user', 'N', '03346657feea0490a4d4f677faa0583d');

/*!40101 SET CHARACTER_SET_CLIENT=@OLD_CHARACTER_SET_CLIENT */;
/*!40101 SET CHARACTER_SET_RESULTS=@OLD_CHARACTER_SET_RESULTS */;
/*!40101 SET COLLATION_CONNECTION=@OLD_COLLATION_CONNECTION */;
